id,word,translation,gender
1,time,время,neuter
2,man,мужчина,masculine
3,way,путь,masculine
4,people,люди,"plural, both genders"
5,life,жизнь,feminine
6,day,день,masculine
7,work,работа,feminine
8,call,звонок,masculine
9,night,ночь,feminine
10,home,дом,masculine
11,thought,мысль,feminine
12,money,деньги,"plural, masculine"
13,name,имя,neuter
14,father,отец,masculine
15,guy,парень,masculine
16,place,место,neuter
17,feel,чувство,neuter
18,girl,девушка,feminine
19,house,дом,masculine
20,left,лево,neuter
21,right,право,neuter
22,mother,мать,feminine
23,course,курс,masculine
24,dad,папа,masculine
25,world,мир,masculine
26,son,сын,masculine
27,car,автомобиль,masculine
28,woman,женщина,feminine
29,friend,друг,masculine
30,mind,разум,masculine
31,head,голова,feminine
32,mom,мама,feminine
33,boy,мальчик,masculine
34,job,работа,feminine
35,baby,младенец,masculine
36,family,семья,feminine
37,room,комната,feminine
38,brother,брат,masculine
39,head,голова,feminine
40,idea,идея,feminine
41,wife,жена,feminine
42,start,начало,neuter
43,door,дверь,feminine
44,bit,кусок,masculine
45,matter,вопрос,masculine
46,run,бег,masculine
47,school,школа,feminine
48,play,игра,feminine
49,problem,проблема,feminine
50,end,конец,masculine
51,phone,телефон,masculine
52,hope,надежда,feminine
53,excuse,отговорка,feminine
54,face,лицо,neuter
55,turn,поворот,masculine
56,police,полиция,feminine
57,heart,сердце,neuter
58,worry,забота,feminine
59,business,бизнес,masculine
60,watch,часы,"plural, masculine"
61,year,год,masculine
62,hand,рука,feminine
63,doctor,врач,masculine
64,sit,сидение,neuter
65,second,секунда,feminine
66,kid,ребенок,masculine
67,pay,оплата,feminine
68,water,вода,feminine
69,death,смерть,feminine
70,stuff,вещи,"plural, feminine"
71,minute,минута,feminine
72,part,часть,feminine
73,person,человек,masculine
74,drink,напиток,masculine
75,change,изменение,neuter
76,hit,удар,masculine
77,check,чек,masculine
78,music,музыка,feminine
79,inside,внутрь,masculine
80,sleep,сон,masculine
81,mine,моя,feminine
82,deal,сделка,feminine
83,point,точка,feminine
84,body,тело,neuter
85,dear,дорогой,masculine
86,chance,шанс,masculine
87,close,близость,feminine
88,party,вечеринка,feminine
89,daughter,дочь,feminine
90,word,слово,neuter
91,fun,веселье,neuter
92,number,номер,masculine
93,story,рассказ,masculine
94,set,набор,masculine
95,wish,желание,neuter
96,husband,муж,masculine
97,fire,огонь,masculine
98,fight,бой,masculine
99,rest,отдых,masculine
100,moment,момент,masculine
101,week,неделя,feminine
102,stand,стенд,masculine
103,game,игра,feminine
104,cut,порез,masculine
105,sister,сестра,feminine
106,child,ребенок,masculine
107,side,сторона,feminine
108,blood,кровь,feminine
109,truth,правда,feminine
110,lady,дама,feminine
111,shot,выстрел,masculine
112,war,война,feminine
113,break,перерыв,masculine
114,walk,прогулка,feminine
115,reason,причина,feminine
116,trouble,беда,feminine
117,city,город,masculine
118,town,городок,masculine
119,trust,доверие,neuter
120,question,вопрос,masculine
121,office,офис,masculine
122,half,половина,feminine
123,welcome,приветствие,neuter
124,couple,пара,feminine
125,hurry,спешка,feminine
126,honey,мед,masculine
127,power,власть,feminine
128,bed,кровать,feminine
129,front,передок,masculine
130,answer,ответ,masculine
131,gun,пистолет,masculine
132,line,линия,feminine
133,team,команда,feminine
134,news,новость,feminine
135,captain,капитан,masculine
136,hate,ненависть,feminine
137,dog,собака,feminine
138,food,еда,feminine
139,light,свет,masculine
140,order,заказ,masculine
141,country,страна,feminine
142,pick,выбор,masculine
143,fact,факт,masculine
144,black,черный,masculine
145,boss,босс,masculine
146,cause,причина,feminine
147,dinner,ужин,masculine
148,promise,обещание,neuter
149,plan,план,masculine
150,sort,вид,masculine
151,book,книга,feminine
152,hour,час,masculine
153,uncle,дядя,masculine
154,safe,сейф,masculine
155,shoot,выстрел,masculine
156,touch,прикосновение,neuter
157,company,компания,feminine
158,past,прошлое,neuter
159,bitch,сука,feminine
160,sound,звук,masculine
161,hair,волосы,"plural, masculine"
162,human,человек,masculine
163,drive,вождение,neuter
164,luck,удача,feminine
165,top,вершина,feminine
166,win,победа,feminine
167,control,управление,neuter
168,cold,холод,masculine
169,air,воздух,masculine
170,master,мастер,masculine
171,dance,танец,masculine
172,sex,секс,masculine
173,others,другие,"plural, both genders"
174,hospital,больница,feminine
175,street,улица,feminine
176,murder,убийство,neuter
177,lie,ложь,feminine
178,dream,мечта,feminine
179,catch,поимка,feminine
180,sweet,сладость,feminine
181,sense,смысл,masculine
182,bet,ставка,feminine
183,voice,голос,masculine
184,sign,знак,masculine
185,quiet,тишина,feminine
186,felt,чувство,neuter
187,beat,победа,feminine
188,return,возвращение,neuter
189,coffee,кофе,masculine
190,date,свидание,neuter
191,pull,тяжело,neuter
192,secret,секрет,masculine
193,fault,вина,feminine
194,fall,падение,neuter
195,song,песня,feminine
196,calm,спокойствие,neuter
197,road,дорога,feminine
198,drop,капля,feminine
199,future,будущее,neuter
200,throw,бросок,masculine
201,step,шаг,masculine
202,piece,кусок,masculine
203,picture,картина,feminine
204,land,земля,feminine
205,wonder,удивление,neuter
206,worth,стоимость,feminine
207,president,президент,masculine
208,eye,глаз,masculine
209,dude,парень,masculine
210,state,состояние,neuter
211,figure,фигура,feminine
212,act,акт,masculine
213,law,закон,masculine
214,kiss,поцелуй,masculine
215,works,работы,"plural, feminine"
216,report,отчет,masculine
217,pain,боль,feminine
218,pass,проход,masculine
219,wake,пробуждение,neuter
220,general,генерал,masculine
221,ship,корабль,masculine
222,choice,выбор,masculine
223,class,класс,masculine
224,officer,офицер,masculine
225,mistake,ошибка,feminine
226,chief,начальник,masculine
227,age,возраст,masculine
228,mouth,рот,masculine
229,finish,финиш,masculine
230,clothes,одежда,feminine
231,ride,поездка,feminine
232,birthday,день рождения,masculine
233,dark,темнота,feminine
234,system,система,feminine
235,film,фильм,masculine
236,court,суд,masculine
237,movie,фильм,masculine
238,month,месяц,masculine
239,wear,ношение,neuter
240,train,поезд,masculine
241,hotel,отель,masculine
242,evidence,улика,feminine
243,security,безопасность,feminine
244,information,информация,feminine
245,bag,сумка,feminine
246,attack,атака,feminine
247,round,раунд,masculine
248,blue,синий,masculine
249,station,станция,feminine
250,table,стол,masculine
251,message,сообщение,neuter
252,history,история,feminine
253,fool,дурак,masculine
254,buddy,приятель,masculine
255,floor,пол,masculine
256,sun,солнце,neuter
257,handle,ручка,feminine
258,army,армия,feminine
259,marriage,брак,masculine
260,letter,письмо,neuter
261,attention,внимание,neuter
262,peace,мир,masculine
263,situation,ситуация,feminine
264,middle,середина,feminine
265,rock,скала,feminine
266,test,тест,masculine
267,lead,свинец,masculine
268,club,клуб,masculine
269,fear,страх,masculine
270,present,настоящее,neuter
271,idiot,идиот,masculine
272,box,коробка,feminine
273,ball,мяч,masculine
274,group,группа,feminine
275,boat,лодка,feminine
276,count,счет,masculine
277,bastard,ублюдок,masculine
278,crime,преступление,neuter
279,key,ключ,masculine
280,force,сила,feminine
281,horse,лошадь,feminine
282,lunch,обед,masculine
283,american,американец,masculine
284,paper,бумага,feminine
285,charge,обвинение,neuter
286,surprise,сюрприз,masculine
287,space,пространство,neuter
288,fell,падение,neuter
289,honor,честь,feminine
290,accident,авария,feminine
291,fish,рыба,feminine
292,bar,бар,masculine
293,ground,земля,feminine
294,government,правительство,neuter
295,bank,банк,masculine
296,cover,обложка,feminine
297,major,майор,masculine
298,hide,прятки,"plural, masculine/feminine"
299,stick,палка,feminine
300,sea,море,neuter
301,tea,чай,masculine
302,area,район,masculine
303,dress,платье,neuter
304,service,сервис,masculine
305,trip,поездка,feminine
306,radio,радио,neuter
307,blow,удар,masculine
308,star,звезда,feminine
309,record,запись,feminine
310,offer,предложение,neuter
311,prison,тюрьма,feminine
312,soul,душа,feminine
313,list,список,masculine
314,gold,золото,neuter
315,afternoon,послеобед,masculine
316,agent,агент,masculine
317,detective,детектив,masculine
318,fix,ремонт,masculine
319,respect,уважение,neuter
320,public,публика,feminine
321,girlfriend,подруга,feminine
322,drunk,пьяница,"masculine/feminine (when used as a noun, it can refer to a person of either gender)"
323,brain,мозг,masculine
324,cell,клетка,feminine
325,mess,беспорядок,masculine
326,smell,запах,masculine
327,fly,муха,feminine
328,killer,убийца,"masculine/feminine (when used as a noun, it depends on the gender of the person)"
329,scene,сцена,feminine
330,card,карточка,feminine
331,english,английский,masculine (when used as a noun referring to the language)
332,church,церковь,feminine
333,ice,лед,masculine
334,window,окно,neuter
335,share,доля,feminine
336,laugh,смех,masculine
337,lieutenant,лейтенант,masculine
338,cry,плач,masculine
339,mum,мама,feminine
340,visit,визит,masculine
341,seat,место,neuter
342,teacher,учитель,"masculine, учительница"
343,relationship,отношение,neuter
344,pleasure,удовольствие,neuter
345,camera,камера,feminine
346,college,колледж,masculine
347,judge,судья,masculine/feminine (depends on the person's gender)
348,position,позиция,feminine
349,sake,дело,neuter
350,boyfriend,парень,masculine
351,wall,стена,feminine
352,private,частное,"neuter (as an abstract noun), частный сектор"
353,stop,остановка,feminine
354,french,французский,masculine (when used as a noun referring to the language)
355,art,искусство,neuter
356,machine,машина,feminine
357,green,зелень,feminine
358,cop,полицейский,masculine
359,wine,вино,neuter
360,apartment,квартира,feminine
361,village,деревня,feminine
362,congratulations,поздравление,neuter
363,jail,тюремное заключение,neuter
364,joke,шутка,feminine
365,evil,зло,neuter
366,lawyer,адвокат,masculine/feminine (depends on the person's gender)
367,field,поле,neuter
368,contact,контакт,masculine
369,store,магазин,masculine
370,shop,лавка,"feminine (if referring to a small shop), also магазин"
371,professor,профессор,"masculine, профессорша"
372,madam,мадам,feminine
373,doubt,сомнение,neuter
374,plane,самолет,masculine
375,cash,наличные,"plural, neuter (money/cash is generally used in the plural)"
376,island,остров,masculine
377,cat,кот,"masculine, кошка"
378,decision,решение,neuter
379,beer,пиво,neuter
380,difference,разница,feminine
381,push,толчок,masculine
382,south,юг,masculine
383,gift,подарок,masculine
384,glass,стакан,masculine
385,tree,дерево,neuter
386,bear,медведь,masculine
387,north,север,masculine
388,bus,автобус,masculine
389,partner,партнер,"masculine, партнерша"
390,grab,хватка,feminine
391,victim,жертва,feminine
392,computer,компьютер,masculine
393,truck,грузовик,masculine
394,reach,досягаемость,feminine
395,board,доска,feminine
396,fat,жир,masculine
397,planet,планета,feminine
398,search,поиск,masculine
399,wind,ветер,masculine
400,arrest,арест,masculine
401,jump,прыжок,masculine
402,support,поддержка,feminine
403,magic,магия,feminine
404,crap,дерьмо,neuter
405,kitchen,кухня,feminine
406,summer,лето,neuter
407,patient,пациент,"masculine, пациентка"
408,aunt,тетя,feminine
409,experience,опыт,masculine
410,heaven,рай,masculine
411,river,река,feminine
412,knock,стук,masculine
413,escape,побег,masculine
414,address,адрес,masculine
415,foot,ступня,feminine
416,moon,луна,feminine
417,mate,товарищ,masculine
418,match,матч,masculine
419,final,финал,masculine
420,smoke,дым,masculine
421,blame,вина,feminine
422,press,пресса,"feminine (when referring to the media), also пресс"
423,smile,улыбка,feminine
424,type,тип,masculine
425,mission,миссия,feminine
426,favor,одолжение,neuter
427,action,действие,neuter
428,duty,обязанность,feminine
429,price,цена,feminine
430,guard,охранник,"masculine, охранница"
431,risk,риск,masculine
432,notice,уведомление,neuter
433,enemy,враг,masculine
434,kick,удар,masculine (noun referring to a kick can also be удар)
435,race,гонка,feminine
436,suit,костюм,masculine
437,fit,примерка,feminine
438,director,директор,"masculine, директриса"
439,spot,место,neuter
440,cross,крест,masculine
441,arm,рука,feminine
442,upstairs,верх,"masculine (when used as ""upstairs,"" though верхняя ступенька"
443,chicken,курица,feminine
444,department,отдел,masculine
445,hero,герой,masculine
446,gas,газ,masculine
447,sergeant,сержант,masculine
448,low,низ,masculine
449,leg,нога,feminine
450,taste,вкус,masculine
451,waste,отходы,"plural, masculine"
452,west,запад,masculine
453,bunch,связка,"feminine (for a bunch of keys for example), also пучок"
454,battle,битва,feminine
455,study,учеба,feminine
456,mention,упоминание,neuter
457,bell,колокол,masculine
458,stage,сцена,feminine
459,hole,дыра,feminine
460,lock,замок,masculine
461,weapon,оружие,neuter
462,energy,энергия,feminine
463,treat,угощение,neuter
464,burn,ожог,masculine
465,form,форма,feminine
466,sky,небо,neuter
467,breakfast,завтрак,masculine
468,band,группа,feminine (for a band of musicians)
469,track,трек,masculine
470,spirit,дух,masculine
471,nose,нос,masculine
472,favorite,любимый,"masculine, любимица"
473,memory,память,feminine
474,laughter,смех,masculine
475,roll,рулон,masculine
476,witness,свидетель,"masculine, свидетельница"
477,double,двойник,masculine
478,bathroom,ванная,feminine (short for ванная комната
479,build,строительство,neuter
480,bomb,бомба,feminine
481,pressure,давление,neuter
482,flight,полет,masculine
483,interest,интерес,masculine
484,throat,горло,neuter
485,cost,стоимость,feminine
486,danger,опасность,feminine
487,asshole,мудак,masculine (vulgar term)
488,neck,шея,feminine
489,suspect,подозреваемый,"masculine, подозреваемая"
490,bottle,бутылка,feminine
491,beauty,красота,feminine
492,nature,природа,feminine
493,video,видео,neuter
494,rain,дождь,masculine
495,camp,лагерь,masculine
496,shame,стыд,masculine
497,driver,водитель,"masculine, водительница"
498,bird,птица,feminine
499,crowd,толпа,feminine
500,level,уровень,masculine
501,faith,вера,feminine
502,commander,командир,masculine
503,client,клиент,"masculine, клиентка"
504,engine,двигатель,masculine
505,pop,поп,masculine (as in a pop music artist or a disparaging term for a priest)
506,animal,животное,neuter
507,devil,дьявол,masculine
508,weekend,выходные,"plural, masculine"
509,stone,камень,masculine
510,sweetheart,возлюбленная,feminine
511,skin,кожа,feminine
512,knife,нож,masculine
513,drug,наркотик,masculine
514,blind,слепой,"masculine, слепая"
515,german,немецкий,masculine (when used as a noun referring to the language or nationality)
516,beach,пляж,masculine
517,hat,шапка,feminine
518,local,местный,masculine
519,code,код,masculine
520,hall,зал,masculine
521,opportunity,возможность,feminine
522,bullshit,чушь,feminine
523,corner,угол,masculine
524,cup,чашка,feminine
525,justice,справедливость,feminine
526,bottom,дно,neuter
527,ghost,привидение,neuter
528,restaurant,ресторан,masculine
529,language,язык,masculine
530,east,восток,masculine
531,fellow,товарищ,masculine
532,note,записка,feminine
533,leader,лидер,masculine
534,health,здоровье,neuter
535,angel,ангел,masculine
536,rule,правило,neuter
537,cousin,двоюродный брат/двоюродная сестра,masculine/feminine
538,advice,совет,masculine
539,pardon,прощение,neuter
540,milk,молоко,neuter
541,speed,скорость,feminine
542,file,файл,masculine
543,tape,кассета,feminine
544,practice,практика,feminine
545,emergency,чрезвычайное происшествие,neuter
546,bridge,мост,masculine
547,coach,тренер,"masculine, тренерша"
548,inspector,инспектор,"masculine, инспекторша"
549,minister,министр,"masculine, министресса"
550,applause,аплодисменты,"plural, masculine"
551,conversation,разговор,masculine
552,account,счет,masculine
553,breath,дыхание,neuter
554,crew,экипаж,masculine
555,meat,мясо,neuter
556,cake,торт,masculine
557,strength,сила,feminine
558,career,карьера,feminine
559,sight,зрение,neuter
560,vote,голосование,neuter
561,copy,копия,feminine
562,nonsense,бред,masculine
563,student,студент,"masculine, студентка"
564,trial,судебный процесс,masculine
565,freedom,свобода,feminine
566,market,рынок,masculine
567,manager,менеджер,masculine
568,size,размер,masculine
569,operation,операция,feminine
570,trick,трюк,masculine
571,sweetie,милашка,feminine
572,pack,пакет,masculine
573,monster,чудовище,neuter
574,center,центр,masculine
575,travel,путешествие,neuter
576,target,цель,feminine
577,science,наука,feminine
578,project,проект,masculine
579,feed,кормление,neuter
580,credit,кредит,masculine
581,suicide,самоубийство,neuter
582,investigation,расследование,neuter
583,nurse,медсестра,feminine
584,oil,нефть,feminine
585,criminal,преступник,"masculine, преступница"
586,soldier,солдат,masculine
587,shirt,рубашка,feminine
588,example,пример,masculine
589,strike,забастовка,feminine
590,chair,стул,masculine
591,universe,вселенная,feminine
592,command,команда,feminine
593,condition,состояние,neuter
594,challenge,вызов,masculine
595,ticket,билет,masculine
596,view,вид,masculine
597,program,программа,feminine
598,brown,коричневый,masculine
599,wash,стирка,feminine
600,society,общество,neuter
601,release,освобождение,neuter
602,birth,рождение,neuter
603,research,исследование,neuter
604,guest,гость,masculine
605,lift,лифт,masculine
606,opinion,мнение,neuter
607,character,характер,masculine
608,mountain,гора,feminine
609,heat,жара,feminine
610,tie,галстук,masculine
611,sheriff,шериф,masculine
612,color,цвет,masculine
613,sword,меч,masculine
614,lab,лаборатория,feminine
615,bullet,пуля,feminine
616,proof,доказательство,neuter
617,base,база,feminine
618,cream,крем,masculine
619,noise,шум,masculine
620,total,итог,masculine
621,gang,банда,feminine
622,happiness,счастье,neuter
623,joy,радость,feminine
624,female,женщина,feminine
625,draw,чертеж,"masculine (if meant as ""drawing""); ничья"
626,male,мужчина,masculine
627,bite,укус,masculine
628,shower,душ,masculine
629,audience,аудитория,feminine
630,purpose,цель,feminine
631,fate,судьба,feminine
632,screw,винт,masculine
633,gentleman,джентльмен,masculine
634,medicine,медицина,feminine
635,responsibility,ответственность,feminine
636,talk,беседа,feminine
637,split,разделение,neuter
638,weight,вес,masculine
639,unit,единица,feminine
640,pig,свинья,feminine
641,desk,письменный стол,masculine
642,finger,палец,masculine
643,pool,бассейн,masculine
644,focus,фокус,masculine
645,garden,сад,masculine
646,property,собственность,feminine
647,mayor,мэр,masculine
648,issue,вопрос,masculine
649,pal,приятель,masculine
650,interview,интервью,neuter
651,fan,вентилятор,"masculine (if meant as ""fan for air""); фанат"
652,signal,сигнал,masculine
653,silence,тишина,feminine
654,surgery,хирургия,feminine
655,harm,вред,masculine
656,staff,штат,masculine
657,chef,шеф-повар,masculine
658,weather,погода,feminine
659,distance,расстояние,neuter
660,process,процесс,masculine
661,season,сезон,masculine
662,access,доступ,masculine
663,model,модель,feminine
664,path,тропа,"feminine (if meant as ""path""); путь"
665,russian,русский,masculine
666,member,член,masculine
667,style,стиль,masculine
668,alarm,сигнал тревоги,masculine
669,japanese,японский,masculine
670,sugar,сахар,masculine
671,roof,крыша,feminine
672,funeral,похороны,plural
673,damage,повреждение,neuter
674,stomach,желудок,masculine
675,bread,хлеб,masculine
676,snow,снег,masculine
677,castle,замок,masculine
678,speech,речь,feminine
679,block,блок,masculine
680,shake,встряска,feminine
681,dig,копание,neuter
682,post,пост,masculine
683,reality,реальность,feminine
684,football,футбол,masculine
685,spread,распространение,neuter
686,coat,пальто,neuter
687,chest,грудь,feminine
688,success,успех,masculine
689,madame,мадам,feminine
690,safety,безопасность,feminine
691,permission,разрешение,neuter
692,fancy,увлечение,neuter
693,theory,теория,feminine
694,gate,ворота,plural
695,journey,путешествие,neuter
696,paint,краска,feminine
697,lover,возлюбленный(ая),masculine(feminine)
698,mood,настроение,neuter
699,storm,шторм,masculine
700,page,страница,feminine
701,cheese,сыр,masculine
702,priest,священник,masculine
703,regret,сожаление,neuter
704,contract,договор,masculine
705,thief,вор,masculine
706,divorce,развод,masculine
707,lesson,урок,masculine
708,community,сообщество,neuter
709,subject,предмет,masculine
710,rent,аренда,feminine
711,revenge,месть,feminine
712,trade,торговля,feminine
713,forest,лес,masculine
714,rush,спешка,feminine
715,owner,владелец,masculine
716,amount,количество,neuter
717,artist,художник,masculine
718,pocket,карман,masculine
719,cancer,рак,"masculine (if meant as ""cancer""); рак"
720,pair,пара,feminine
721,ruin,разрушение,neuter
722,grandfather,дедушка,masculine
723,bike,велосипед,masculine
724,loss,потеря,feminine
725,liar,лгун,masculine
726,winter,зима,feminine
727,assistant,помощник,masculine
728,murderer,убийца,masculine
729,farm,ферма,feminine
730,tongue,язык,masculine
731,toilet,туалет,masculine
732,genius,гений,masculine (person); гениальность
733,square,площадь,feminine
734,secretary,секретарь,masculine
735,connection,связь,feminine
736,downstairs,нижний этаж,masculine
737,bedroom,спальня,feminine
738,professional,профессионал,masculine
739,tour,тур,masculine
740,player,игрок,masculine
741,silver,серебро,neuter
742,pity,жалость,feminine
743,clock,часы,plural
744,ocean,океан,masculine
745,dna,ДНК,neuter
746,crash,крушение,neuter
747,bath,ванна,feminine
748,fortune,удача,feminine
749,century,век,masculine
750,insurance,страхование,neuter
751,airport,аэропорт,masculine
752,temple,храм,masculine
753,knowledge,знание,neuter
754,map,карта,feminine
755,competition,соревнование,neuter
756,defense,защита,feminine
757,goodness,доброта,feminine
758,event,событие,neuter
759,period,период,masculine
760,shape,форма,feminine
761,hell,ад,masculine
762,telephone,телефон,masculine
763,request,запрос,masculine
764,grant,грант,masculine
765,affair,дело,neuter
766,grave,могила,feminine
767,giant,гигант,masculine
768,plant,завод,masculine
769,site,место,neuter
770,statement,заявление,neuter
771,rise,подъем,masculine
772,jacket,куртка,feminine
773,mercy,милосердие,neuter
774,whore,шлюха,feminine
775,switch,переключатель,masculine
776,meal,еда,feminine
777,direction,направление,neuter
778,data,данные,"plural, neuter"
779,horn,рог,masculine
780,attorney,адвокат,masculine
781,official,чиновник,masculine
782,rat,крыса,feminine
783,pizza,пицца,feminine
784,shock,шок,masculine
785,soup,суп,masculine
786,courage,мужество,neuter
787,yellow,желтый,masculine
788,location,местоположение,neuter
789,jerk,придурок,masculine
790,chocolate,шоколад,masculine
791,image,образ,masculine
792,regular,обычный,masculine
793,taxi,такси,neuter
794,piss,моча,feminine
795,wound,рана,feminine
796,plate,тарелка,feminine
797,television,телевидение,neuter
798,freak,чудак,mascunline
799,traffic,движение,neuter
800,dawn,рассвет,masculine
801,poison,яд,masculine
802,mystery,тайна,feminine
803,indian,индийский,masculine
804,bang,хлопок,masculine
805,disease,болезнь,feminine
806,italian,итальянский,masculine
807,role,роль,feminine
808,butt,задница,feminine
809,victory,победа,feminine
810,trap,ловушка,feminine
811,nation,нация,feminine
812,desire,желание,neuter
813,midnight,полночь,feminine
814,jury,жюри,neuter
815,appointment,встреча,feminine
816,swim,плавание,neuter
817,mail,почта,feminine
818,vacation,отпуск,masculine
819,source,источник,masculine
820,factory,завод,masculine
821,palace,дворец,masculine
822,crack,трещина,feminine
823,talent,талант,masculine
824,neighborhood,район,masculine
825,threat,угроза,feminine
826,ear,ухо,neuter
827,miracle,чудо,neuter
828,grandmother,бабушка,feminine
829,firm,фирма,feminine
830,winner,победитель,masculine
831,license,лицензия,feminine
832,advantage,преимущество,neuter
833,monkey,обезьяна,feminine
834,mirror,зеркало,neuter
835,wood,дерево,neuter
836,union,союз,masculine
837,christian,христианин,masculine
838,violence,насилие,neuter
839,protection,защита,feminine
840,hook,крючок,masculine
841,motherfucker,ублюдок,masculine
842,concern,забота,feminine
843,effect,эффект,masculine
844,studio,студия,feminine
845,load,нагрузка,feminine
846,treasure,сокровище,neuter
847,spell,заклинание,neuter
848,iron,железо,neuter
849,rescue,спасение,neuter
850,treatment,лечение,neuter
851,desert,пустыня,feminine
852,result,результат,masculine
853,piano,пианино,neuter
854,friendship,дружба,feminine
855,candy,конфета,feminine
856,bride,невеста,feminine
857,flower,цветок,masculine
858,bone,кость,feminine
859,value,ценность,feminine
860,junior,младший,masculine
861,remains,остатки,plural
862,metal,металл,masculine
863,tip,чаевые,plural
864,holiday,отпуск,masculine
865,rate,ставка,feminine
866,performance,выступление,neuter
867,governor,губернатор,masculine
868,vehicle,транспортное средство,neuter
869,toast,тост,masculine
870,pride,гордость,feminine
871,champagne,шампанское,neuter
872,stranger,незнакомец,masculine
873,uniform,форма,feminine
874,tear,слеза,feminine
875,cab,такси,neuter
876,presence,присутствие,neuter
877,scream,крик,masculine
878,dust,пыль,feminine
879,edge,край,masculine
880,witch,ведьма,feminine
881,media,средства массовой информации,plural
882,claim,претензия,feminine
883,rice,рис,masculine
884,egg,яйцо,neuter
885,punch,удар,masculine
886,cast,кастинг,masculine
887,intelligence,разведка,"feminine (if meant as ""intelligence agency""); интеллект"
888,cow,корова,feminine
889,surface,поверхность,feminine
890,cigarette,сигарета,feminine
891,destiny,судьба,feminine
892,score,счет,masculine
893,technology,технология,feminine
894,dragon,дракон,masculine
895,pilot,пилот,masculine
896,sin,грех,masculine
897,emperor,император,masculine
898,goal,цель,feminine
899,youth,молодежь,feminine
900,pot,горшок,masculine
901,wolf,волк,masculine
902,boom,взрыв,masculine
903,row,ряд,masculine
904,section,секция,feminine
905,dump,свалка,feminine
906,text,текст,masculine
907,prisoner,заключённый,masculine
908,zero,ноль,masculine
909,wheel,колесо,neuter
910,exchange,обмен,masculine
911,coast,побережье,neuter
912,grade,оценка,feminine
913,shift,смена,feminine
914,cure,лекарство,neuter
915,sacrifice,жертва,feminine
916,beast,зверь,masculine
917,pie,пирог,masculine
918,material,материал,masculine
919,creature,существо,neuter
920,trace,след,masculine
921,button,кнопка,feminine
922,darkness,тьма,feminine
923,ambulance,скорая помощь,feminine
924,internet,интернет,masculine
925,range,диапазон,masculine
926,expert,эксперт,masculine
927,freeze,заморозка,feminine
928,sale,распродажа,feminine
929,juice,сок,masculine
930,solution,раствор,masculine
931,tower,башня,feminine
932,mass,масса,feminine
933,alien,пришелец,masculine
934,schedule,расписание,neuter
935,stairs,лестница,feminine
936,fruit,фрукт,masculine
937,spy,шпион,masculine
938,senior,старший,masculine
939,garage,гараж,masculine
940,anger,гнев,masculine
941,clue,подсказка,feminine
942,magazine,журнал,masculine
943,zone,зона,feminine
944,shoulder,плечо,neuter
945,progress,прогресс,masculine
946,snake,змея,feminine
947,effort,усилие,neuter
948,elevator,лифт,masculine
949,sentence,предложение,neuter
950,equipment,оборудование,neuter
951,attitude,отношение,neuter
952,newspaper,газета,feminine
953,warrant,ордер,masculine
954,loser,проигравший,masculine
955,series,серия,feminine
956,vision,зрение,neuter
957,actor,актёр,masculine
958,curse,проклятие,neuter
959,shadow,тень,feminine
960,passion,страсть,feminine
961,route,маршрут,masculine
962,reporter,репортёр,masculine
963,explosion,взрыв,masculine
964,squad,отряд,masculine
965,kingdom,королевство,neuter
966,screen,экран,masculine
967,fashion,мода,feminine
968,wave,волна,feminine
969,climb,подъём,masculine
970,pen,ручка,feminine
971,incident,инцидент,masculine
972,bull,бык,masculine
973,chain,цепь,feminine
974,device,устройство,neuter
975,debt,долг,masculine
976,campaign,кампания,feminine
977,hug,объятие,neuter
978,alcohol,алкоголь,masculine
979,conference,конференция,feminine
980,education,образование,neuter
981,politics,политика,feminine
982,rape,изнасилование,neuter
983,mummy,мумия,feminine
984,border,граница,feminine
985,wire,провод,masculine
986,prize,приз,masculine
987,circle,круг,masculine
988,object,объект,masculine
989,robbery,ограбление,neuter
990,thunder,гром,masculine
991,rope,веревка,feminine
992,salt,соль,feminine
993,flesh,плоть,feminine
994,writer,писатель,masculine
995,trash,мусор,masculine
996,reward,вознаграждение,neuter
997,glory,слава,feminine
998,authority,власть,feminine
999,estate,имущество,neuter
1000,yard,двор,masculine
1001,tank,танк,masculine
1002,confidence,уверенность,feminine
1003,lack,недостаток,masculine
1004,apple,яблоко,neuter
1005,approach,подход,masculine
1006,chick,цыплёнок,masculine
1007,doll,кукла,feminine
1008,duck,утка,feminine
1009,stock,акции,"plural, feminine"
1010,library,библиотека,feminine
1011,failure,неудача,feminine
1012,movement,движение,neuter
1013,bow,лук,masculine
1014,tail,хвост,masculine
1015,senator,сенатор,masculine
1016,nightmare,кошмар,masculine
1017,theater,театр,masculine
1018,sand,песок,masculine
1019,reputation,репутация,feminine
1020,slip,промах,masculine
1021,pink,розовый,masculine (adjective used as a noun)
1022,maid,горничная,feminine
1023,agency,агентство,neuter
1024,childhood,детство,neuter
1025,opposite,противоположность,feminine
1026,policy,политика,feminine
1027,panic,паника,feminine
1028,design,дизайн,masculine
1029,chat,чат,masculine
1030,task,задача,feminine
1031,chatter,болтовня,feminine
1032,belt,ремень,masculine
1033,guarantee,гарантия,feminine
1034,current,течение,neuter
1035,garbage,мусор,masculine
1036,custody,опека,feminine
1037,demon,демон,masculine
1038,coincidence,совпадение,neuter
1039,attempt,попытка,feminine
1040,revolution,революция,feminine
1041,agreement,соглашение,neuter
1042,empire,империя,feminine
1043,disaster,катастрофа,feminine
1044,advance,аванс,masculine
1045,guitar,гитара,feminine
1046,detail,деталь,feminine
1047,behavior,поведение,neuter
1048,delivery,доставка,feminine
1049,ability,способность,feminine
1050,district,район,masculine
1051,shoe,обувь,feminine
1052,slave,раб,masculine
1053,coward,трус,masculine
1054,hunter,охотник,masculine
1055,culture,культура,feminine
1056,explanation,объяснение,neuter
1057,committee,комитет,masculine
1058,background,фон,masculine
1059,identity,личность,feminine
1060,channel,канал,masculine
1061,bound,связь,feminine
1062,species,вид,masculine
1063,struggle,борьба,feminine
1064,mask,маска,feminine
1065,fever,лихорадка,feminine
1066,loan,займ,masculine
1067,whistle,свисток,masculine
1068,punishment,наказание,neuter
1069,production,производство,neuter
1070,capital,столица,feminine
1071,potential,потенциал,masculine
1072,quarter,четверть,feminine
1073,bowl,миска,feminine
1074,museum,музей,masculine
1075,cheer,одобрение,neuter
1076,dish,блюдо,neuter
1077,gunshot,выстрел,masculine
1078,closet,шкаф,masculine
1079,dirt,грязь,feminine
1080,crown,корона,feminine
1081,shout,крик,masculine
1082,fella,парень,masculine
1083,couch,диван,masculine
1084,demand,требование,neuter
1085,transfer,перевод,masculine
1086,joint,сочленение,neuter
1087,episode,эпизод,masculine
1088,basement,подвал,masculine
1089,roman,римлянин,masculine
1090,article,статья,feminine
1091,guide,гид,masculine
1092,sandwich,бутерброд,masculine
1093,flash,вспышка,feminine
1094,wallet,бумажник,masculine
1095,quality,качество,neuter
1096,concert,концерт,masculine
1097,singer,певец,masculine
1098,lane,полоса,feminine
1099,baseball,бейсбол,masculine
1100,title,титул,masculine
1101,commissioner,комиссар,masculine
1102,pee,пись,neuter (colloquial)
1103,charity,благотворительность,feminine
1104,drama,драма,feminine
1105,ceremony,церемония,feminine
1106,package,пакет,masculine
1107,shine,блеск,masculine
1108,comrade,товарищ,masculine
1109,pussy,киска,feminine (colloquial)
1110,supply,поставка,feminine
1111,tone,тон,masculine
1112,customer,покупатель,masculine
1113,sweat,пот,masculine
1114,possibility,возможность,feminine
1115,flag,флаг,masculine
1116,plastic,пластик,masculine
1117,gear,шестеренка,feminine
1118,surrender,капитуляция,feminine
1119,impression,впечатление,neuter
1120,self,сам,masculine (short for ‘само’ when used as a noun meaning ‘self’)
1121,bust,арест,masculine
1122,servant,слуга,masculine
1123,gym,спортзал,masculine
1124,assault,нападение,neuter
1125,trail,след,masculine
1126,crisis,кризис,masculine
1127,collection,коллекция,feminine
1128,diamond,алмаз,masculine
1129,adult,взрослый,masculine
1130,bible,библия,feminine
1131,league,лига,feminine
1132,orange,апельсин,masculine
1133,imagination,воображение,neuter
1134,neighbor,сосед,masculine
1135,blast,взрыв,masculine
1136,balance,баланс,masculine
1137,golf,гольф,masculine
1138,defeat,поражение,neuter
1139,theme,тема,feminine
1140,comfort,комфорт,masculine
1141,reaction,реакция,feminine
1142,legend,легенда,feminine
1143,grass,трава,feminine
1144,print,печать,feminine
1145,virus,вирус,masculine
1146,launch,запуск,masculine
1147,siren,сирена,feminine
1148,entrance,вход,masculine
1149,religion,религия,feminine
1150,butter,масло,neuter
1151,homework,домашнее задание,neuter
1152,stress,стресс,masculine
1153,cap,кепка,feminine
1154,bat,летучая мышь,feminine
1155,mix,микс,masculine
1156,torture,пытка,feminine
1157,deck,палуба,feminine
1158,rabbit,кролик,masculine
1159,option,опция,feminine
1160,accent,акцент,masculine
1161,tax,налог,masculine
1162,rip,разрыв,masculine
1163,bud,почка,feminine
1164,therapy,терапия,feminine
1165,lifetime,всю жизнь,feminine
1166,crush,увлечение,neuter
1167,champion,чемпион,masculine
1168,skull,череп,masculine
1169,version,версия,feminine
1170,mistress,любовница,feminine
1171,fuel,топливо,neuter
1172,term,срок,masculine
1173,bond,облигация,feminine
1174,plain,равнина,feminine
1175,experiment,эксперимент,masculine
1176,monk,монах,masculine
1177,lion,лев,masculine
1178,lad,парень,masculine
1179,exercise,упражнение,neuter
1180,purse,кошелек,masculine
1181,cave,пещера,feminine
1182,standard,стандарт,masculine
1183,tunnel,тоннель,masculine
1184,steel,сталь,feminine
1185,division,раздел,masculine
1186,sheep,овца,feminine
1187,classic,классика,feminine
1188,nephew,племянник,masculine
1189,sauce,соус,masculine
1190,influence,влияние,neuter
1191,network,сеть,feminine
1192,contest,конкурс,masculine
1193,cabin,кабина,feminine
1194,jungle,джунгли,plural
1195,vampire,вампир,masculine
1196,exit,выход,masculine
1197,spit,плевок,masculine
1198,generation,поколение,neuter
1199,crystal,кристалл,masculine
1200,status,статус,masculine
1201,degree,степень,feminine
1202,buck,бакс,masculine (colloquial for ‘доллар’)
1203,brand,бренд,masculine
1204,toy,игрушка,feminine
1205,scratch,царапина,feminine
1206,tribe,племя,neuter
1207,script,сценарий,masculine
1208,nerve,нерв,masculine
1209,seal,печать,feminine
1210,bug,жук,masculine
1211,response,ответ,masculine
1212,surveillance,наблюдение,neuter
1213,gain,прирост,masculine
1214,trigger,курок,masculine
1215,clinic,клиника,feminine
1216,patience,терпение,neuter
1217,traitor,предатель,masculine
1218,heck,черт,masculine
1219,hail,град,masculine
1220,port,порт,masculine
1221,beef,говядина,feminine
1222,routine,рутина,feminine
1223,outfit,наряд,masculine
1224,confession,признание,neuter
1225,ease,удобство,neuter
1226,deputy,заместитель,masculine
1227,principal,директор,masculine
1228,stake,ставка,feminine
1229,link,связь,feminine
1230,industry,индустрия,feminine
1231,costume,костюм,masculine
1232,argument,аргумент,masculine
1233,motion,движение,neuter
1234,construction,строительство,neuter
1235,aim,цель,feminine
1236,pattern,узор,masculine
1237,nail,гвоздь,masculine
1238,electricity,электричество,neuter
1239,warrior,воин,masculine
1240,fairy,фея,feminine
1241,anniversary,юбилей,masculine
1242,temperature,температура,feminine
1243,booth,будка,feminine
1244,pet,питомец,masculine
1245,sport,спорт,masculine
1246,bail,залог,masculine
1247,interrupt,прерывание,neuter
1248,tune,мелодия,feminine
1249,prayer,молитва,feminine
1250,conscience,совесть,feminine
1251,headquarters,штаб-квартира,feminine
1252,cock,петух,masculine
1253,chip,чип,masculine
1254,guilt,вина,feminine
1255,chill,озноб,masculine
1256,mouse,мышь,feminine
1257,dealer,дилер,masculine
1258,backup,резервная копия,feminine
1259,paradise,рай,masculine
1260,bishop,епископ,masculine
1261,trunk,багажник,masculine
1262,tradition,традиция,feminine
1263,salad,салат,masculine
1264,complex,комплекс,masculine
1265,average,среднее,neuter
1266,cliff,утес,masculine
1267,greek,грек,masculine
1268,behalf,имя,neuter
1269,punk,панк,masculine
1270,strip,полоса,feminine
1271,pipe,труба,feminine
1272,sample,образец,masculine
1273,laundry,прачечная,feminine
1274,environment,окружение,neuter
1275,cage,клетка,feminine
1276,robot,робот,masculine
1277,habit,привычка,feminine
1278,wrap,обертка,feminine
1279,belly,живот,masculine
1280,benefit,выгода,feminine
1281,sink,раковина,feminine
1282,beep,сигнал,masculine
1283,motive,мотив,masculine
1284,circus,цирк,masculine
1285,territory,территория,feminine
1286,pit,яма,feminine
1287,apology,извинение,neuter
1288,exam,экзамен,masculine
1289,festival,фестиваль,masculine
1290,actress,актриса,feminine
1291,ward,палата,feminine
1292,activity,деятельность,feminine
1293,worker,работник,masculine
1294,policeman,полицейский,masculine
1295,shelter,убежище,neuter
1296,existence,существование,neuter
1297,atmosphere,атмосфера,feminine
1298,product,продукт,masculine
1299,meantime,междувременье,neuter
1300,limit,предел,masculine
1301,election,выборы,"plural, both genders"
1302,underwear,нижнее белье,neuter
1303,pulse,пульс,masculine
1304,farewell,прощание,neuter
1305,slap,шлепок,masculine
1306,yell,крик,masculine
1307,doorbell,звонок,masculine
1308,adventure,приключение,neuter
1309,passport,паспорт,masculine
1310,hammer,молоток,masculine
1311,hood,капот,masculine
1312,judgment,приговор,masculine
1313,homicide,убийство,neuter
1314,patrol,патруль,masculine
1315,flow,поток,masculine
1316,fence,забор,masculine
1317,noon,полдень,masculine
1318,occasion,случай,masculine
1319,personality,личность,feminine
1320,fantasy,фантазия,feminine
1321,produce,продукция,feminine
1322,odds,шансы,"plural, both genders"
1323,signature,подпись,feminine
1324,individual,индивидуальность,feminine
1325,charm,очарование,neuter
1326,chairman,председатель,masculine
1327,frame,рамка,feminine
1328,relief,облегчение,neuter
1329,cloud,облако,neuter
1330,corpse,тело,neuter
1331,organization,организация,feminine
1332,host,хозяин,masculine
1333,transport,транспорт,masculine
1334,oxygen,кислород,masculine
1335,citizen,гражданин,masculine
1336,impact,воздействие,neuter
1337,offense,преступление,neuter
1338,producer,производитель,masculine
1339,kit,комплект,masculine
1340,ad,объявление,neuter
1341,escort,сопровождение,neuter
1342,invitation,приглашение,neuter
1343,terrorist,террорист,masculine
1344,clay,глина,feminine
1345,tragedy,трагедия,feminine
1346,math,математика,feminine
1347,shed,сарай,masculine
1348,procedure,процедура,feminine
1349,monitor,монитор,masculine
1350,spin,вращение,neuter
1351,clown,клоун,masculine
1352,necklace,ожерелье,neuter
1353,mud,грязь,feminine
1354,profile,профиль,masculine
1355,angle,угол,masculine
1356,furniture,мебель,feminine
1357,engagement,помолвка,feminine
1358,moron,идиот,masculine
1359,shark,акула,feminine
1360,humanity,человечество,neuter
1361,chop,отбивная,feminine
1362,snap,щелчок,masculine
1363,sales,продажи,"plural, both genders"
1364,stable,конюшня,feminine
1365,granny,бабушка,feminine
1366,pole,шест,masculine
1367,dancer,танцор,masculine
1368,footage,кадры,"plural, both genders"
1369,increase,увеличение,neuter
1370,stretch,растяжка,feminine
1371,romance,роман,masculine
1372,helicopter,вертолёт,masculine
1373,pitch,подача,feminine
1374,instance,пример,masculine
1375,lemon,лимон,masculine
1376,headache,головная боль,feminine
1377,rubbish,мусор,masculine
1378,session,сессия,feminine
1379,pin,булавка,feminine
1380,chamber,камера,feminine
1381,commercial,реклама,feminine
1382,liver,печень,feminine
1383,penis,пенис,masculine
1384,engineer,инженер,masculine
1385,supper,ужин,masculine
1386,liquor,спиртное,neuter
1387,drill,дрель,feminine
1388,alley,аллея,feminine
1389,hop,прыжок,masculine
1390,destruction,разрушение,neuter
1391,junk,хлам,masculine
1392,rocket,ракета,feminine
1393,elder,старейшина,masculine
1394,opera,опера,feminine
1395,highway,шоссе,neuter
1396,fighter,боец,masculine
1397,shell,раковина,feminine
1398,alpha,альфа,feminine
1399,liberty,свобода,feminine
1400,surgeon,хирург,masculine
1401,bum,бездомный,masculine
1402,widow,вдова,feminine
1403,reverend,священник,masculine
1404,insult,оскорбление,neuter
1405,comment,комментарий,masculine
1406,soap,мыло,neuter
1407,prick,укол,masculine
1408,scale,весы,"plural, both genders"
1409,grief,печаль,feminine
1410,knee,колено,neuter
1411,slut,шлюха,feminine
1412,album,альбом,masculine
1413,defendant,обвиняемый,masculine
1414,goddess,богиня,feminine
1415,bend,изгиб,masculine
1416,makeup,макияж,masculine
1417,loyalty,верность,feminine
1418,powder,порошок,masculine
1419,gene,ген,masculine
1420,diet,диета,feminine
1421,parent,родитель,masculine
1422,jam,джем,masculine
1423,salary,зарплата,feminine
1424,latin,латынь,feminine
1425,population,население,neuter
1426,ambassador,посол,masculine
1427,locker,шкафчик,masculine
1428,praise,похвала,feminine
1429,trauma,травма,feminine
1430,shore,берег,masculine
1431,wealth,богатство,neuter
1432,honeymoon,медовый месяц,masculine
1433,blade,лезвие,neuter
1434,whiskey,виски,neuter
1435,core,ядро,neuter
1436,aid,помощь,feminine
1437,tent,палатка,feminine
1438,blonde,блондинка,feminine
1439,intention,намерение,neuter
1440,abuse,злоупотребление,neuter
1441,poetry,поэзия,feminine
1442,jet,реактивный самолет,masculine
1443,resistance,сопротивление,neuter
1444,beard,борода,feminine
1445,strategy,стратегия,feminine
1446,goat,козел,masculine
1447,award,награда,feminine
1448,corn,кукуруза,feminine
1449,pro,профессионал,masculine
1450,net,сеть,feminine
1451,tattoo,татуировка,feminine
1452,stroke,удар,masculine
1453,novel,роман,masculine
1454,chaos,хаос,masculine
1455,colleague,коллега,masculine
1456,scientist,ученый,masculine
1457,tale,сказка,feminine
1458,warehouse,склад,masculine
1459,elephant,слон,masculine
1460,hostage,заложник,masculine
1461,branch,ветвь,feminine
1462,objection,возражение,neuter
1463,lap,колени,"plural, both genders"
1464,possession,владение,neuter
1465,tap,кран,masculine
1466,superior,начальство,neuter
1467,chin,подбородок,masculine
1468,soda,газировка,feminine
1469,commission,комиссия,feminine
1470,cinema,кинотеатр,masculine
1471,muscle,мышца,feminine
1472,poem,стих,masculine
1473,appeal,апелляция,feminine
1474,steak,бифштекс,masculine
1475,survival,выживание,neuter
1476,profit,прибыль,feminine
1477,symbol,символ,masculine
1478,madness,безумие,neuter
1479,development,развитие,neuter
1480,sail,парус,masculine
1481,tooth,зуб,masculine
1482,review,обзор,masculine
1483,basketball,баскетбол,masculine
1484,management,управление,neuter
1485,tube,трубка,feminine
1486,rifle,винтовка,feminine
1487,log,бревно,neuter
1488,bee,пчела,feminine
1489,squeeze,сжатие,neuter
1490,manner,манера,feminine
1491,entry,вход,masculine
1492,cable,кабель,masculine
1493,pan,сковорода,feminine
1494,native,коренной житель,masculine
1495,waiter,официант,masculine
1496,brick,кирпич,masculine
1497,pork,свинина,feminine
1498,pile,куча,feminine
1499,expression,выражение,neuter
1500,clan,клан,masculine
1501,facility,учреждение,neuter
1502,reception,прием,masculine
1503,statue,статуя,feminine
1504,satellite,спутник,masculine
1505,polish,полировка,feminine
1506,pound,фунт,masculine
1507,communication,связь,feminine
1508,fridge,холодильник,masculine
1509,foundation,фундамент,masculine
1510,appearance,внешность,feminine
1511,proposal,предложение,neuter
1512,combat,бой,masculine
1513,slide,горка,feminine
1514,delay,задержка,feminine
1515,labor,труд,masculine
1516,burden,бремя,neuter
1517,payment,платёж,masculine
1518,mall,торговый центр,masculine
1519,paperwork,документооборот,masculine
1520,lamb,ягнёнок,masculine
1521,item,предмет,masculine
1522,testimony,показания,"plural, neuter"
1523,hip,бедро,neuter
1524,prom,выпускной вечер,masculine
1525,patch,заплатка,feminine
1526,assignment,задание,neuter
1527,motel,мотель,masculine
1528,fraud,мошенничество,neuter
1529,dessert,десерт,masculine
1530,injury,травма,feminine
1531,bout,поединок,masculine
1532,sack,мешок,masculine
1533,soil,почва,feminine
1534,badge,значок,masculine
1535,motor,мотор,masculine
1536,description,описание,neuter
1537,battery,батарея,feminine
1538,complaint,жалоба,feminine
1539,cowboy,ковбой,masculine
1540,privacy,конфиденциальность,feminine
1541,wisdom,мудрость,feminine
1542,contrary,противоположность,feminine
1543,crane,кран,masculine
1544,leak,утечка,feminine
1545,pill,таблетка,feminine
1546,suitcase,чемодан,masculine
1547,vodka,водка,feminine
1548,chemical,химикат,masculine
1549,catholic,католик,masculine
1550,soccer,футбол,masculine
1551,brush,щётка,feminine
1552,illness,болезнь,feminine
1553,flip,кувырок,masculine
1554,twist,поворот,masculine
1555,chapter,глава,feminine
1556,measure,мера,feminine
1557,radar,радар,masculine
1558,editor,редактор,masculine
1559,structure,структура,feminine
1560,marshal,маршал,masculine
1561,bid,предложение,neuter
1562,palm,ладонь,feminine
1563,pub,паб,masculine
1564,analysis,анализ,masculine
1565,throne,трон,masculine
1566,barn,амбар,masculine
1567,rage,ярость,feminine
1568,fleet,флот,masculine
1569,budget,бюджет,masculine
1570,humor,юмор,masculine
1571,employee,сотрудник,masculine
1572,medication,лекарство,neuter
1573,booze,спиртное,neuter
1574,sis,сестрёнка,feminine
1575,turtle,черепаха,feminine
1576,nut,орех,masculine
1577,coin,монета,feminine
1578,basis,основание,neuter
1579,discussion,дискуссия,feminine
1580,temper,характер,masculine
1581,plot,заговор,masculine
1582,casino,казино,neuter
1583,poker,покер,masculine
1584,farmer,фермер,masculine
1585,counter,прилавок,masculine
1586,fucker,ублюдок,masculine
1587,repair,ремонт,masculine
1588,cookie,печенье,neuter
1589,baker,пекарь,masculine
1590,massage,массаж,masculine
1591,entertainment,развлечение,neuter
1592,bucket,ведро,neuter
1593,whip,кнут,masculine
1594,forgiveness,прощение,neuter
1595,spider,паук,masculine
1596,phase,фаза,feminine
1597,diary,дневник,masculine
1598,blanket,одеяло,neuter
1599,comedy,комедия,feminine
1600,height,высота,feminine
1601,dive,погружение,neuter
1602,tennis,теннис,masculine
1603,sunshine,солнечный свет,masculine
1604,dope,дурь,feminine
1605,permit,разрешение,neuter
1606,jazz,джаз,masculine
1607,swallow,ласточка,feminine
1608,towel,полотенце,neuter
1609,function,функция,feminine
1610,bunny,кролик,masculine
1611,niece,племянница,feminine
1612,prosecutor,прокурор,masculine
1613,fund,фонд,masculine
1614,pump,насос,masculine
1615,region,регион,masculine
1616,weakness,слабость,feminine
1617,discovery,открытие,neuter
1618,needle,игла,feminine
1619,executive,руководитель,masculine
1620,halt,остановка,feminine
1621,nest,гнездо,neuter
1622,gravity,гравитация,feminine
1623,wagon,повозка,feminine
1624,con,обман,masculine
1625,burst,взрыв,masculine
1626,weed,сорняк,masculine
1627,concept,понятие,neuter
1628,vessel,сосуд,masculine
1629,zoo,зоопарк,masculine
1630,stink,зловоние,neuter
1631,leather,кожа,feminine
1632,mexican,мексиканец,masculine
1633,sheet,простыня,feminine
1634,boot,ботинок,masculine
1635,reverse,реверс,masculine
1636,grandson,внук,masculine
1637,shield,щит,masculine
1638,conduct,поведение,neuter
1639,luggage,багаж,masculine
1640,promotion,продвижение,neuter
1641,menu,меню,neuter
1642,bacon,бекон,masculine
1643,method,метод,masculine
1644,parade,парад,masculine
1645,potato,картофель,masculine
1646,tag,ярлык,masculine
1647,radiation,радиация,feminine
1648,technique,техника,feminine
1649,jewelry,украшение,neuter
1650,nanny,няня,feminine
1651,cart,телега,feminine
1652,tissue,салфетка,feminine
1653,shooter,стрелок,masculine
1654,arrival,прибытие,neuter
1655,root,корень,masculine
1656,galaxy,галактика,feminine
1657,gossip,сплетня,feminine
1658,skill,умение,neuter
1659,conspiracy,заговор,masculine
1660,groom,жених,masculine
1661,cherry,вишня,feminine
1662,hunger,голод,masculine
1663,ideal,идеал,masculine
1664,dough,тесто,neuter
1665,terror,террор,masculine
1666,ham,ветчина,feminine
1667,priority,приоритет,masculine
1668,mankind,человечество,neuter
1669,click,клик,masculine
1670,european,европеец,masculine
1671,pillow,подушка,feminine
1672,scan,сканирование,neuter
1673,rehearsal,репетиция,feminine
1674,poet,поэт,masculine
1675,celebration,празднование,neuter
1676,cattle,скот,masculine
1677,drawer,выдвижной ящик,masculine
1678,lighter,зажигалка,feminine
1679,register,регистр,masculine
1680,comic,комикс,masculine
1681,lamp,лампа,feminine
1682,stab,удар,masculine
1683,dignity,достоинство,neuter
1684,wreck,крушение,neuter
1685,relative,родственник,masculine
1686,coma,кома,feminine
1687,corporal,капрал,masculine
1688,basket,корзина,feminine
1689,horror,ужас,masculine
1690,oath,клятва,feminine
1691,steam,пар,masculine
1692,solo,сольное выступление,neuter
1693,cemetery,кладбище,neuter
1694,bump,ушиб,masculine
1695,personnel,персонал,masculine
1696,scum,отброс,masculine
1697,mob,толпа,feminine
1698,combination,комбинация,feminine
1699,beam,луч,masculine
1700,alliance,союз,masculine
1701,counselor,советник,masculine
1702,nap,вздремнуть,neuter
1703,conflict,конфликт,masculine
1704,assistance,помощь,feminine
1705,retreat,отступление,neuter
1706,candidate,кандидат,masculine
1707,rubber,резина,feminine
1708,bingo,бинго,neuter
1709,autopsy,вскрытие,neuter
1710,carpet,ковёр,masculine
1711,puppy,щенок,masculine
1712,gut,кишка,feminine
1713,coffin,гроб,masculine
1714,instant,мгновение,neuter
1715,ash,пепел,masculine
1716,scandal,скандал,masculine
1717,ally,союзник,masculine
1718,arrow,стрела,feminine
1719,misery,страдание,neuter
1720,cotton,хлопок,masculine
1721,suite,люкс,masculine
1722,lecture,лекция,feminine
1723,economy,экономика,feminine
1724,stare,пристальный взгляд,masculine
1725,guardian,опекун,masculine
1726,gig,выступление,neuter
1727,investment,инвестиция,feminine
1728,heroin,героин,masculine
1729,deposit,депозит,masculine
1730,medal,медаль,feminine
1731,gum,жвачка,feminine
1732,swell,опухоль,feminine
1733,commitment,обязательство,neuter
1734,hut,избушка,feminine
1735,rear,задняя часть,feminine
1736,photographer,фотограф,masculine
1737,excitement,волнение,neuter
1738,ranch,ранчо,neuter
1739,fee,плата,feminine
1740,tool,инструмент,masculine
1741,profession,профессия,feminine
1742,document,документ,masculine
1743,journalist,журналист,masculine
1744,bait,приманка,feminine
1745,breast,грудь,feminine
1746,sorrow,печаль,feminine
1747,roommate,сожитель,masculine
1748,counsel,совет,masculine
1749,cannon,пушка,feminine
1750,penalty,штраф,masculine
1751,announcement,объявление,neuter
1752,cocaine,кокаин,masculine
1753,embrace,объятие,neuter
1754,spike,шип,masculine
1755,silk,шёлк,masculine
1756,theft,кража,feminine
1757,visitor,посетитель,masculine
1758,acid,кислота,feminine
1759,fuss,суета,feminine
1760,bargain,сделка,feminine
1761,feast,пир,masculine
1762,collar,воротник,masculine
1763,envy,зависть,feminine
1764,flame,пламя,neuter
1765,fame,слава,feminine
1766,perfume,духи,"plural, neuter"
1767,protest,протест,masculine
1768,psycho,психопат,masculine
1769,emotion,эмоция,feminine
1770,display,витрина,feminine
1771,content,содержание,neuter
1772,pepper,перец,masculine
1773,skirt,юбка,feminine
1774,cruise,круиз,masculine
1775,embassy,посольство,neuter
1776,scar,шрам,masculine
1777,rhythm,ритм,masculine
1778,myth,миф,masculine
1779,shove,толчок,masculine
1780,certificate,сертификат,masculine
1781,drum,барабан,masculine
1782,infection,инфекция,feminine
1783,scotch,виски,neuter
1784,frog,лягушка,feminine
1785,chess,шахматы,"plural, masculine"
1786,belief,вера,feminine
1787,cabinet,шкаф,masculine
1788,rumor,слух,masculine
1789,lung,лёгкое,neuter
1790,rap,рэп,masculine
1791,error,ошибка,feminine
1792,debate,дебаты,"plural, masculine"
1793,sum,сумма,feminine
1794,sweep,подметание,neuter
1795,era,эпоха,feminine
1796,vault,сейф,masculine
1797,liquid,жидкость,feminine
1798,aircraft,самолёт,masculine
1799,gunfire,огнестрельный залп,masculine
1800,chap,парень,masculine
1801,fry,жарка,feminine
1802,cargo,груз,masculine
1803,fist,кулак,masculine
1804,sucker,придурок,masculine
1805,oven,духовка,feminine
1806,hatred,ненависть,feminine
1807,bench,скамейка,feminine
1808,envelope,конверт,masculine
1809,kindness,доброта,feminine
1810,helmet,шлем,masculine
1811,twin,близнец,"masculine, близнеца"
1812,sailor,матрос,masculine
1813,ladder,лестница,feminine
1814,barrel,бочка,feminine
1815,folk,народ,masculine
1816,banana,банан,masculine
1817,alternative,альтернатива,feminine
1818,designer,дизайнер,"masculine, дизайнера"
1819,dial,циферблат,masculine
1820,tension,напряжение,neuter
1821,raid,рейд,masculine
1822,scout,разведчик,"masculine, разведчица"
1823,deer,олень,masculine
1824,grip,захват,masculine
1825,tin,олово,neuter
1826,warden,управляющий,"masculine, управляющая"
1827,quote,цитата,feminine
1828,subway,метро,neuter
1829,storage,хранение,neuter
1830,trailer,прицеп,masculine
1831,operator,оператор,"masculine, операторша"
1832,enterprise,предприятие,neuter
1833,cycle,цикл,masculine
1834,importance,важность,feminine
1835,goose,гусь,"masculine, гусыня"
1836,bass,бас,masculine
1837,volunteer,волонтер,"masculine, волонтерка"
1838,residence,резиденция,feminine
1839,lip,губа,feminine
1840,gallery,галерея,feminine
1841,motorcycle,мотоцикл,masculine
1842,worship,поклонение,neuter
1843,graduate,выпускник,"masculine, выпускница"
1844,congress,конгресс,masculine
1845,execution,казнь,feminine
1846,ritual,ритуал,masculine
1847,whale,кит,masculine
1848,application,заявление,neuter
1850,tub,ванна,feminine
1851,pistol,пистолет,masculine
1852,democracy,демократия,feminine
1853,campus,кампус,masculine
1854,conclusion,заключение,neuter
1855,rascal,негодяй,masculine
1856,candle,свеча,feminine
1857,principle,принцип,masculine
1858,butcher,мясник,masculine
1859,sweater,свитер,masculine
1860,rank,ранг,masculine
1861,picnic,пикник,masculine
1862,recovery,восстановление,neuter
1863,crawl,ползанье,neuter
1864,villa,вилла,feminine
1865,brandy,бренди,neuter
1866,appetite,аппетит,masculine
1867,lesbian,лесбиянка,feminine
1868,shepherd,пастух,masculine
1869,perspective,перспектива,feminine
1870,hockey,хоккей,masculine
1871,creep,ползун,masculine
1872,discipline,дисциплина,feminine
1873,lick,лизание,neuter
1874,coal,уголь,masculine
1875,tomb,гробница,feminine
1876,hush,тишина,feminine
1877,dummy,манекен,masculine
1878,suggestion,предложение,neuter
1879,addition,добавление,neuter
1880,therapist,терапевт,masculine
1881,parole,условно-досрочное освобождение,neuter
1882,cafe,кафе,neuter
1883,wizard,волшебник,"masculine, волшебница"
1884,consciousness,сознание,neuter
1885,sector,сектор,masculine
1886,sunset,закат,masculine
1887,creation,творение,neuter
1888,passage,переход,masculine
1889,compliment,комплимент,masculine
1890,broadcast,вещание,neuter
1891,prey,жертва,feminine
1892,puzzle,головоломка,feminine
1893,arrangement,расположение,neuter
1894,invasion,вторжение,neuter
1895,eternity,вечность,feminine
1896,plague,чума,feminine
1897,philosophy,философия,feminine
1898,prostitute,проститутка,feminine
1899,instinct,инстинкт,masculine
1900,affection,привязанность,feminine
1901,nazi,нацист,masculine
1902,ministry,министерство,neuter
1903,luxury,роскошь,feminine
1904,breeze,бриз,masculine
1905,sausage,колбаса,feminine
1906,physics,физика,feminine
1907,pirate,пират,masculine
1908,slice,ломтик,masculine
1909,rod,удочка,feminine
1910,kidney,почка,feminine
1911,inspiration,вдохновение,neuter
1912,ginger,имбирь,masculine
1913,destination,пункт назначения,masculine
1914,concrete,бетон,masculine
1915,stream,поток,masculine
1916,dentist,стоматолог,"masculine, стоматологиня"
1917,drain,сток,masculine
1918,spray,спрей,masculine
1919,organ,орган,masculine
1920,thumb,большой палец,masculine
1921,donkey,осел,masculine
1922,formula,формула,feminine
1923,hooker,проститутка,feminine
1924,bra,бюстгальтер,masculine
1925,bachelor,холостяк,masculine
1926,airplane,самолет,masculine
1927,absence,отсутствие,neuter
1928,daylight,дневной свет,masculine
1929,wrist,запястье,neuter
1930,clerk,клерк,masculine
1931,deed,акт,masculine
1932,pace,темп,masculine
1933,plug,штепсель,masculine
1934,privilege,привилегия,feminine
1935,bonus,бонус,masculine
1936,honesty,честность,feminine
1937,cellar,подвал,masculine
1938,carriage,карета,feminine
1939,lobby,вестибюль,masculine
1940,scent,запах,masculine
1941,burger,бургер,masculine
1942,protocol,протокол,masculine
1943,author,автор,"masculine, авторша"
1944,mole,крот,masculine
1945,disgrace,позор,masculine
1946,illusion,иллюзия,feminine
1947,verdict,приговор,masculine
1948,income,доход,masculine
1949,civilization,цивилизация,feminine
1950,bully,задира,masculine
1951,element,элемент,masculine
1952,passenger,пассажир,"masculine, пассажирка"
1953,balloon,шарик,masculine
1954,toe,палец ноги,masculine
1955,mortal,смертный,masculine
1956,lottery,лотерея,feminine
1957,mansion,особняк,masculine
1958,curtain,занавеска,feminine
1959,cheek,щека,feminine
1960,harbor,гавань,feminine
1961,flood,наводнение,neuter
1962,cocktail,коктейль,masculine
1963,reply,ответ,masculine
1964,zombie,зомби,masculine
1965,associate,ассоциат,masculine
1966,bubble,пузырь,masculine
1967,seed,семя,neuter
1968,celebrity,знаменитость,feminine
1969,missile,ракета,feminine
1970,rot,гниль,feminine
1971,laser,лазер,masculine
1972,spite,злоба,feminine
1973,mill,мельница,feminine
1974,waitress,официантка,feminine
1975,retirement,пенсия,feminine
1976,consent,согласие,neuter
1977,shrink,психотерапевт,masculine
1978,copper,медь,feminine
1979,auction,аукцион,masculine
1980,confusion,путаница,feminine
1981,column,колонна,feminine
1982,sympathy,симпатия,feminine
1983,speaker,докладчик,"masculine, докладчица"
1984,brass,латунь,feminine
1985,constable,констебль,masculine
1986,brat,отрок,masculine
1987,scheme,схема,feminine
1988,heir,наследник,"masculine, наследница"
1989,ditch,канава,feminine
1990,suspicion,подозрение,neuter
1991,tide,прилив,masculine
1992,tournament,турнир,masculine
1993,rainbow,радуга,feminine
1994,orbit,орбита,feminine
1995,corps,корпус,masculine
1996,platform,платформа,feminine
1997,cloth,ткань,feminine
1998,shotgun,дробовик,masculine
1999,fur,мех,masculine
2000,gin,джин,masculine