id,word,translation,gender,status
1,time,время,neuter,FALSE
2,man,мужчина,masculine,FALSE
3,way,путь,masculine,FALSE
4,people,люди,"plural, both genders",FALSE
5,life,жизнь,feminine,FALSE
6,day,день,masculine,FALSE
7,work,работа,feminine,FALSE
8,call,звонок,masculine,FALSE
9,night,ночь,feminine,FALSE
10,home,дом,masculine,FALSE
11,thought,мысль,feminine,FALSE
12,money,деньги,"plural, masculine",FALSE
13,name,имя,neuter,FALSE
14,father,отец,masculine,FALSE
15,guy,парень,masculine,FALSE
16,place,место,neuter,FALSE
17,feel,чувство,neuter,FALSE
18,girl,девушка,feminine,FALSE
19,house,дом,masculine,FALSE
20,left,лево,neuter,FALSE
21,right,право,neuter,FALSE
22,mother,мать,feminine,FALSE
23,course,курс,masculine,FALSE
24,dad,папа,masculine,FALSE
25,world,мир,masculine,FALSE
26,son,сын,masculine,FALSE
27,car,автомобиль,masculine,FALSE
28,woman,женщина,feminine,FALSE
29,friend,друг,masculine,FALSE
30,mind,разум,masculine,FALSE
31,head,голова,feminine,FALSE
32,mom,мама,feminine,FALSE
33,boy,мальчик,masculine,FALSE
34,job,работа,feminine,FALSE
35,baby,младенец,masculine,FALSE
36,family,семья,feminine,FALSE
37,room,комната,feminine,FALSE
38,brother,брат,masculine,FALSE
39,head,голова,feminine,FALSE
40,idea,идея,feminine,FALSE
41,wife,жена,feminine,FALSE
42,start,начало,neuter,FALSE
43,door,дверь,feminine,FALSE
44,bit,кусок,masculine,FALSE
45,matter,вопрос,masculine,FALSE
46,run,бег,masculine,FALSE
47,school,школа,feminine,FALSE
48,play,игра,feminine,FALSE
49,problem,проблема,feminine,FALSE
50,end,конец,masculine,FALSE
51,phone,телефон,masculine,FALSE
52,hope,надежда,feminine,FALSE
53,excuse,отговорка,feminine,FALSE
54,face,лицо,neuter,FALSE
55,turn,поворот,masculine,FALSE
56,police,полиция,feminine,FALSE
57,heart,сердце,neuter,FALSE
58,worry,забота,feminine,FALSE
59,business,бизнес,masculine,FALSE
60,watch,часы,"plural, masculine",FALSE
61,year,год,masculine,FALSE
62,hand,рука,feminine,FALSE
63,doctor,врач,masculine,FALSE
64,sit,сидение,neuter,FALSE
65,second,секунда,feminine,FALSE
66,kid,ребенок,masculine,FALSE
67,pay,оплата,feminine,FALSE
68,water,вода,feminine,FALSE
69,death,смерть,feminine,FALSE
70,stuff,вещи,"plural, feminine",FALSE
71,minute,минута,feminine,FALSE
72,part,часть,feminine,FALSE
73,person,человек,masculine,FALSE
74,drink,напиток,masculine,FALSE
75,change,изменение,neuter,FALSE
76,hit,удар,masculine,FALSE
77,check,чек,masculine,FALSE
78,music,музыка,feminine,FALSE
79,inside,внутрь,masculine,FALSE
80,sleep,сон,masculine,FALSE
81,mine,моя,feminine,FALSE
82,deal,сделка,feminine,FALSE
83,point,точка,feminine,FALSE
84,body,тело,neuter,FALSE
85,dear,дорогой,masculine,FALSE
86,chance,шанс,masculine,FALSE
87,close,близость,feminine,FALSE
88,party,вечеринка,feminine,FALSE
89,daughter,дочь,feminine,FALSE
90,word,слово,neuter,FALSE
91,fun,веселье,neuter,FALSE
92,number,номер,masculine,FALSE
93,story,рассказ,masculine,FALSE
94,set,набор,masculine,FALSE
95,wish,желание,neuter,FALSE
96,husband,муж,masculine,FALSE
97,fire,огонь,masculine,FALSE
98,fight,бой,masculine,FALSE
99,rest,отдых,masculine,FALSE
100,moment,момент,masculine,FALSE
101,week,неделя,feminine,FALSE
102,stand,стенд,masculine,FALSE
103,game,игра,feminine,FALSE
104,cut,порез,masculine,FALSE
105,sister,сестра,feminine,FALSE
106,child,ребенок,masculine,FALSE
107,side,сторона,feminine,FALSE
108,blood,кровь,feminine,FALSE
109,truth,правда,feminine,FALSE
110,lady,дама,feminine,FALSE
111,shot,выстрел,masculine,FALSE
112,war,война,feminine,FALSE
113,break,перерыв,masculine,FALSE
114,walk,прогулка,feminine,FALSE
115,reason,причина,feminine,FALSE
116,trouble,беда,feminine,FALSE
117,city,город,masculine,FALSE
118,town,городок,masculine,FALSE
119,trust,доверие,neuter,FALSE
120,question,вопрос,masculine,FALSE
121,office,офис,masculine,FALSE
122,half,половина,feminine,FALSE
123,welcome,приветствие,neuter,FALSE
124,couple,пара,feminine,FALSE
125,hurry,спешка,feminine,FALSE
126,honey,мед,masculine,FALSE
127,power,власть,feminine,FALSE
128,bed,кровать,feminine,FALSE
129,front,передок,masculine,FALSE
130,answer,ответ,masculine,FALSE
131,gun,пистолет,masculine,FALSE
132,line,линия,feminine,FALSE
133,team,команда,feminine,FALSE
134,news,новость,feminine,FALSE
135,captain,капитан,masculine,FALSE
136,hate,ненависть,feminine,FALSE
137,dog,собака,feminine,FALSE
138,food,еда,feminine,FALSE
139,light,свет,masculine,FALSE
140,order,заказ,masculine,FALSE
141,country,страна,feminine,FALSE
142,pick,выбор,masculine,FALSE
143,fact,факт,masculine,FALSE
144,black,черный,masculine,FALSE
145,boss,босс,masculine,FALSE
146,cause,причина,feminine,FALSE
147,dinner,ужин,masculine,FALSE
148,promise,обещание,neuter,FALSE
149,plan,план,masculine,FALSE
150,sort,вид,masculine,FALSE
151,book,книга,feminine,FALSE
152,hour,час,masculine,FALSE
153,uncle,дядя,masculine,FALSE
154,safe,сейф,masculine,FALSE
155,shoot,выстрел,masculine,FALSE
156,touch,прикосновение,neuter,FALSE
157,company,компания,feminine,FALSE
158,past,прошлое,neuter,FALSE
159,bitch,сука,feminine,FALSE
160,sound,звук,masculine,FALSE
161,hair,волосы,"plural, masculine",FALSE
162,human,человек,masculine,FALSE
163,drive,вождение,neuter,FALSE
164,luck,удача,feminine,FALSE
165,top,вершина,feminine,FALSE
166,win,победа,feminine,FALSE
167,control,управление,neuter,FALSE
168,cold,холод,masculine,FALSE
169,air,воздух,masculine,FALSE
170,master,мастер,masculine,FALSE
171,dance,танец,masculine,FALSE
172,sex,секс,masculine,FALSE
173,others,другие,"plural, both genders",FALSE
174,hospital,больница,feminine,FALSE
175,street,улица,feminine,FALSE
176,murder,убийство,neuter,FALSE
177,lie,ложь,feminine,FALSE
178,dream,мечта,feminine,FALSE
179,catch,поимка,feminine,FALSE
180,sweet,сладость,feminine,FALSE
181,sense,смысл,masculine,FALSE
182,bet,ставка,feminine,FALSE
183,voice,голос,masculine,FALSE
184,sign,знак,masculine,FALSE
185,quiet,тишина,feminine,FALSE
186,felt,чувство,neuter,FALSE
187,beat,победа,feminine,FALSE
188,return,возвращение,neuter,FALSE
189,coffee,кофе,masculine,FALSE
190,date,свидание,neuter,FALSE
191,pull,тяжело,neuter,FALSE
192,secret,секрет,masculine,FALSE
193,fault,вина,feminine,FALSE
194,fall,падение,neuter,FALSE
195,song,песня,feminine,FALSE
196,calm,спокойствие,neuter,FALSE
197,road,дорога,feminine,FALSE
198,drop,капля,feminine,FALSE
199,future,будущее,neuter,FALSE
200,throw,бросок,masculine,FALSE
201,step,шаг,masculine,FALSE
202,piece,кусок,masculine,FALSE
203,picture,картина,feminine,FALSE
204,land,земля,feminine,FALSE
205,wonder,удивление,neuter,FALSE
206,worth,стоимость,feminine,FALSE
207,president,президент,masculine,FALSE
208,eye,глаз,masculine,FALSE
209,dude,парень,masculine,FALSE
210,state,состояние,neuter,FALSE
211,figure,фигура,feminine,FALSE
212,act,акт,masculine,FALSE
213,law,закон,masculine,FALSE
214,kiss,поцелуй,masculine,FALSE
215,works,работы,"plural, feminine",FALSE
216,report,отчет,masculine,FALSE
217,pain,боль,feminine,FALSE
218,pass,проход,masculine,FALSE
219,wake,пробуждение,neuter,FALSE
220,general,генерал,masculine,FALSE
221,ship,корабль,masculine,FALSE
222,choice,выбор,masculine,FALSE
223,class,класс,masculine,FALSE
224,officer,офицер,masculine,FALSE
225,mistake,ошибка,feminine,FALSE
226,chief,начальник,masculine,FALSE
227,age,возраст,masculine,FALSE
228,mouth,рот,masculine,FALSE
229,finish,финиш,masculine,FALSE
230,clothes,одежда,feminine,FALSE
231,ride,поездка,feminine,FALSE
232,birthday,день рождения,masculine,FALSE
233,dark,темнота,feminine,FALSE
234,system,система,feminine,FALSE
235,film,фильм,masculine,FALSE
236,court,суд,masculine,FALSE
237,movie,фильм,masculine,FALSE
238,month,месяц,masculine,FALSE
239,wear,ношение,neuter,FALSE
240,train,поезд,masculine,FALSE
241,hotel,отель,masculine,FALSE
242,evidence,улика,feminine,FALSE
243,security,безопасность,feminine,FALSE
244,information,информация,feminine,FALSE
245,bag,сумка,feminine,FALSE
246,attack,атака,feminine,FALSE
247,round,раунд,masculine,FALSE
248,blue,синий,masculine,FALSE
249,station,станция,feminine,FALSE
250,table,стол,masculine,FALSE
251,message,сообщение,neuter,FALSE
252,history,история,feminine,FALSE
253,fool,дурак,masculine,FALSE
254,buddy,приятель,masculine,FALSE
255,floor,пол,masculine,FALSE
256,sun,солнце,neuter,FALSE
257,handle,ручка,feminine,FALSE
258,army,армия,feminine,FALSE
259,marriage,брак,masculine,FALSE
260,letter,письмо,neuter,FALSE
261,attention,внимание,neuter,FALSE
262,peace,мир,masculine,FALSE
263,situation,ситуация,feminine,FALSE
264,middle,середина,feminine,FALSE
265,rock,скала,feminine,FALSE
266,test,тест,masculine,FALSE
267,lead,свинец,masculine,FALSE
268,club,клуб,masculine,FALSE
269,fear,страх,masculine,FALSE
270,present,настоящее,neuter,FALSE
271,idiot,идиот,masculine,FALSE
272,box,коробка,feminine,FALSE
273,ball,мяч,masculine,FALSE
274,group,группа,feminine,FALSE
275,boat,лодка,feminine,FALSE
276,count,счет,masculine,FALSE
277,bastard,ублюдок,masculine,FALSE
278,crime,преступление,neuter,FALSE
279,key,ключ,masculine,FALSE
280,force,сила,feminine,FALSE
281,horse,лошадь,feminine,FALSE
282,lunch,обед,masculine,FALSE
283,american,американец,masculine,FALSE
284,paper,бумага,feminine,FALSE
285,charge,обвинение,neuter,FALSE
286,surprise,сюрприз,masculine,FALSE
287,space,пространство,neuter,FALSE
288,fell,падение,neuter,FALSE
289,honor,честь,feminine,FALSE
290,accident,авария,feminine,FALSE
291,fish,рыба,feminine,FALSE
292,bar,бар,masculine,FALSE
293,ground,земля,feminine,FALSE
294,government,правительство,neuter,FALSE
295,bank,банк,masculine,FALSE
296,cover,обложка,feminine,FALSE
297,major,майор,masculine,FALSE
298,hide,прятки,"plural, masculine/feminine",FALSE
299,stick,палка,feminine,FALSE
300,sea,море,neuter,FALSE
301,tea,чай,masculine,FALSE
302,area,район,masculine,FALSE
303,dress,платье,neuter,FALSE
304,service,сервис,masculine,FALSE
305,trip,поездка,feminine,FALSE
306,radio,радио,neuter,FALSE
307,blow,удар,masculine,FALSE
308,star,звезда,feminine,FALSE
309,record,запись,feminine,FALSE
310,offer,предложение,neuter,FALSE
311,prison,тюрьма,feminine,FALSE
312,soul,душа,feminine,FALSE
313,list,список,masculine,FALSE
314,gold,золото,neuter,FALSE
315,afternoon,послеобед,masculine,FALSE
316,agent,агент,masculine,FALSE
317,detective,детектив,masculine,FALSE
318,fix,ремонт,masculine,FALSE
319,respect,уважение,neuter,FALSE
320,public,публика,feminine,FALSE
321,girlfriend,подруга,feminine,FALSE
322,drunk,пьяница,"masculine/feminine (when used as a noun, it can refer to a person of either gender)",FALSE
323,brain,мозг,masculine,FALSE
324,cell,клетка,feminine,FALSE
325,mess,беспорядок,masculine,FALSE
326,smell,запах,masculine,FALSE
327,fly,муха,feminine,FALSE
328,killer,убийца,"masculine/feminine (when used as a noun, it depends on the gender of the person)",FALSE
329,scene,сцена,feminine,FALSE
330,card,карточка,feminine,FALSE
331,english,английский,masculine (when used as a noun referring to the language),FALSE
332,church,церковь,feminine,FALSE
333,ice,лед,masculine,FALSE
334,window,окно,neuter,FALSE
335,share,доля,feminine,FALSE
336,laugh,смех,masculine,FALSE
337,lieutenant,лейтенант,masculine,FALSE
338,cry,плач,masculine,FALSE
339,mum,мама,feminine,FALSE
340,visit,визит,masculine,FALSE
341,seat,место,neuter,FALSE
342,teacher,учитель,"masculine, учительница",FALSE
343,relationship,отношение,neuter,FALSE
344,pleasure,удовольствие,neuter,FALSE
345,camera,камера,feminine,FALSE
346,college,колледж,masculine,FALSE
347,judge,судья,masculine/feminine (depends on the person's gender),FALSE
348,position,позиция,feminine,FALSE
349,sake,дело,neuter,FALSE
350,boyfriend,парень,masculine,FALSE
351,wall,стена,feminine,FALSE
352,private,частное,"neuter (as an abstract noun), частный сектор",FALSE
353,stop,остановка,feminine,FALSE
354,french,французский,masculine (when used as a noun referring to the language),FALSE
355,art,искусство,neuter,FALSE
356,machine,машина,feminine,FALSE
357,green,зелень,feminine,FALSE
358,cop,полицейский,masculine,FALSE
359,wine,вино,neuter,FALSE
360,apartment,квартира,feminine,FALSE
361,village,деревня,feminine,FALSE
362,congratulations,поздравление,neuter,FALSE
363,jail,тюремное заключение,neuter,FALSE
364,joke,шутка,feminine,FALSE
365,evil,зло,neuter,FALSE
366,lawyer,адвокат,masculine/feminine (depends on the person's gender),FALSE
367,field,поле,neuter,FALSE
368,contact,контакт,masculine,FALSE
369,store,магазин,masculine,FALSE
370,shop,лавка,"feminine (if referring to a small shop), also магазин",FALSE
371,professor,профессор,"masculine, профессорша",FALSE
372,madam,мадам,feminine,FALSE
373,doubt,сомнение,neuter,FALSE
374,plane,самолет,masculine,FALSE
375,cash,наличные,"plural, neuter (money/cash is generally used in the plural)",FALSE
376,island,остров,masculine,FALSE
377,cat,кот,"masculine, кошка",FALSE
378,decision,решение,neuter,FALSE
379,beer,пиво,neuter,FALSE
380,difference,разница,feminine,FALSE
381,push,толчок,masculine,FALSE
382,south,юг,masculine,FALSE
383,gift,подарок,masculine,FALSE
384,glass,стакан,masculine,FALSE
385,tree,дерево,neuter,FALSE
386,bear,медведь,masculine,FALSE
387,north,север,masculine,FALSE
388,bus,автобус,masculine,FALSE
389,partner,партнер,"masculine, партнерша",FALSE
390,grab,хватка,feminine,FALSE
391,victim,жертва,feminine,FALSE
392,computer,компьютер,masculine,FALSE
393,truck,грузовик,masculine,FALSE
394,reach,досягаемость,feminine,FALSE
395,board,доска,feminine,FALSE
396,fat,жир,masculine,FALSE
397,planet,планета,feminine,FALSE
398,search,поиск,masculine,FALSE
399,wind,ветер,masculine,FALSE
400,arrest,арест,masculine,FALSE
401,jump,прыжок,masculine,FALSE
402,support,поддержка,feminine,FALSE
403,magic,магия,feminine,FALSE
404,crap,дерьмо,neuter,FALSE
405,kitchen,кухня,feminine,FALSE
406,summer,лето,neuter,FALSE
407,patient,пациент,"masculine, пациентка",FALSE
408,aunt,тетя,feminine,FALSE
409,experience,опыт,masculine,FALSE
410,heaven,рай,masculine,FALSE
411,river,река,feminine,FALSE
412,knock,стук,masculine,FALSE
413,escape,побег,masculine,FALSE
414,address,адрес,masculine,FALSE
415,foot,ступня,feminine,FALSE
416,moon,луна,feminine,FALSE
417,mate,товарищ,masculine,FALSE
418,match,матч,masculine,FALSE
419,final,финал,masculine,FALSE
420,smoke,дым,masculine,FALSE
421,blame,вина,feminine,FALSE
422,press,пресса,"feminine (when referring to the media), also пресс",FALSE
423,smile,улыбка,feminine,FALSE
424,type,тип,masculine,FALSE
425,mission,миссия,feminine,FALSE
426,favor,одолжение,neuter,FALSE
427,action,действие,neuter,FALSE
428,duty,обязанность,feminine,FALSE
429,price,цена,feminine,FALSE
430,guard,охранник,"masculine, охранница",FALSE
431,risk,риск,masculine,FALSE
432,notice,уведомление,neuter,FALSE
433,enemy,враг,masculine,FALSE
434,kick,удар,masculine (noun referring to a kick can also be удар),FALSE
435,race,гонка,feminine,FALSE
436,suit,костюм,masculine,FALSE
437,fit,примерка,feminine,FALSE
438,director,директор,"masculine, директриса",FALSE
439,spot,место,neuter,FALSE
440,cross,крест,masculine,FALSE
441,arm,рука,feminine,FALSE
442,upstairs,верх,"masculine (when used as ""upstairs,"" though верхняя ступенька",FALSE
443,chicken,курица,feminine,FALSE
444,department,отдел,masculine,FALSE
445,hero,герой,masculine,FALSE
446,gas,газ,masculine,FALSE
447,sergeant,сержант,masculine,FALSE
448,low,низ,masculine,FALSE
449,leg,нога,feminine,FALSE
450,taste,вкус,masculine,FALSE
451,waste,отходы,"plural, masculine",FALSE
452,west,запад,masculine,FALSE
453,bunch,связка,"feminine (for a bunch of keys for example), also пучок",FALSE
454,battle,битва,feminine,FALSE
455,study,учеба,feminine,FALSE
456,mention,упоминание,neuter,FALSE
457,bell,колокол,masculine,FALSE
458,stage,сцена,feminine,FALSE
459,hole,дыра,feminine,FALSE
460,lock,замок,masculine,FALSE
461,weapon,оружие,neuter,FALSE
462,energy,энергия,feminine,FALSE
463,treat,угощение,neuter,FALSE
464,burn,ожог,masculine,FALSE
465,form,форма,feminine,FALSE
466,sky,небо,neuter,FALSE
467,breakfast,завтрак,masculine,FALSE
468,band,группа,feminine (for a band of musicians),FALSE
469,track,трек,masculine,FALSE
470,spirit,дух,masculine,FALSE
471,nose,нос,masculine,FALSE
472,favorite,любимый,"masculine, любимица",FALSE
473,memory,память,feminine,FALSE
474,laughter,смех,masculine,FALSE
475,roll,рулон,masculine,FALSE
476,witness,свидетель,"masculine, свидетельница",FALSE
477,double,двойник,masculine,FALSE
478,bathroom,ванная,feminine (short for ванная комната,FALSE
479,build,строительство,neuter,FALSE
480,bomb,бомба,feminine,FALSE
481,pressure,давление,neuter,FALSE
482,flight,полет,masculine,FALSE
483,interest,интерес,masculine,FALSE
484,throat,горло,neuter,FALSE
485,cost,стоимость,feminine,FALSE
486,danger,опасность,feminine,FALSE
487,asshole,мудак,masculine (vulgar term),FALSE
488,neck,шея,feminine,FALSE
489,suspect,подозреваемый,"masculine, подозреваемая",FALSE
490,bottle,бутылка,feminine,FALSE
491,beauty,красота,feminine,FALSE
492,nature,природа,feminine,FALSE
493,video,видео,neuter,FALSE
494,rain,дождь,masculine,FALSE
495,camp,лагерь,masculine,FALSE
496,shame,стыд,masculine,FALSE
497,driver,водитель,"masculine, водительница",FALSE
498,bird,птица,feminine,FALSE
499,crowd,толпа,feminine,FALSE
500,level,уровень,masculine,FALSE
501,faith,вера,feminine,FALSE
502,commander,командир,masculine,FALSE
503,client,клиент,"masculine, клиентка",FALSE
504,engine,двигатель,masculine,FALSE
505,pop,поп,masculine (as in a pop music artist or a disparaging term for a priest),FALSE
506,animal,животное,neuter,FALSE
507,devil,дьявол,masculine,FALSE
508,weekend,выходные,"plural, masculine",FALSE
509,stone,камень,masculine,FALSE
510,sweetheart,возлюбленная,feminine,FALSE
511,skin,кожа,feminine,FALSE
512,knife,нож,masculine,FALSE
513,drug,наркотик,masculine,FALSE
514,blind,слепой,"masculine, слепая",FALSE
515,german,немецкий,masculine (when used as a noun referring to the language or nationality),FALSE
516,beach,пляж,masculine,FALSE
517,hat,шапка,feminine,FALSE
518,local,местный,masculine,FALSE
519,code,код,masculine,FALSE
520,hall,зал,masculine,FALSE
521,opportunity,возможность,feminine,FALSE
522,bullshit,чушь,feminine,FALSE
523,corner,угол,masculine,FALSE
524,cup,чашка,feminine,FALSE
525,justice,справедливость,feminine,FALSE
526,bottom,дно,neuter,FALSE
527,ghost,привидение,neuter,FALSE
528,restaurant,ресторан,masculine,FALSE
529,language,язык,masculine,FALSE
530,east,восток,masculine,FALSE
531,fellow,товарищ,masculine,FALSE
532,note,записка,feminine,FALSE
533,leader,лидер,masculine,FALSE
534,health,здоровье,neuter,FALSE
535,angel,ангел,masculine,FALSE
536,rule,правило,neuter,FALSE
537,cousin,двоюродный брат/двоюродная сестра,masculine/feminine,FALSE
538,advice,совет,masculine,FALSE
539,pardon,прощение,neuter,FALSE
540,milk,молоко,neuter,FALSE
541,speed,скорость,feminine,FALSE
542,file,файл,masculine,FALSE
543,tape,кассета,feminine,FALSE
544,practice,практика,feminine,FALSE
545,emergency,чрезвычайное происшествие,neuter,FALSE
546,bridge,мост,masculine,FALSE
547,coach,тренер,"masculine, тренерша",FALSE
548,inspector,инспектор,"masculine, инспекторша",FALSE
549,minister,министр,"masculine, министресса",FALSE
550,applause,аплодисменты,"plural, masculine",FALSE
551,conversation,разговор,masculine,FALSE
552,account,счет,masculine,FALSE
553,breath,дыхание,neuter,FALSE
554,crew,экипаж,masculine,FALSE
555,meat,мясо,neuter,FALSE
556,cake,торт,masculine,FALSE
557,strength,сила,feminine,FALSE
558,career,карьера,feminine,FALSE
559,sight,зрение,neuter,FALSE
560,vote,голосование,neuter,FALSE
561,copy,копия,feminine,FALSE
562,nonsense,бред,masculine,FALSE
563,student,студент,"masculine, студентка",FALSE
564,trial,судебный процесс,masculine,FALSE
565,freedom,свобода,feminine,FALSE
566,market,рынок,masculine,FALSE
567,manager,менеджер,masculine,FALSE
568,size,размер,masculine,FALSE
569,operation,операция,feminine,FALSE
570,trick,трюк,masculine,FALSE
571,sweetie,милашка,feminine,FALSE
572,pack,пакет,masculine,FALSE
573,monster,чудовище,neuter,FALSE
574,center,центр,masculine,FALSE
575,travel,путешествие,neuter,FALSE
576,target,цель,feminine,FALSE
577,science,наука,feminine,FALSE
578,project,проект,masculine,FALSE
579,feed,кормление,neuter,FALSE
580,credit,кредит,masculine,FALSE
581,suicide,самоубийство,neuter,FALSE
582,investigation,расследование,neuter,FALSE
583,nurse,медсестра,feminine,FALSE
584,oil,нефть,feminine,FALSE
585,criminal,преступник,"masculine, преступница",FALSE
586,soldier,солдат,masculine,FALSE
587,shirt,рубашка,feminine,FALSE
588,example,пример,masculine,FALSE
589,strike,забастовка,feminine,FALSE
590,chair,стул,masculine,FALSE
591,universe,вселенная,feminine,FALSE
592,command,команда,feminine,FALSE
593,condition,состояние,neuter,FALSE
594,challenge,вызов,masculine,FALSE
595,ticket,билет,masculine,FALSE
596,view,вид,masculine,FALSE
597,program,программа,feminine,FALSE
598,brown,коричневый,masculine,FALSE
599,wash,стирка,feminine,FALSE
600,society,общество,neuter,FALSE
601,release,освобождение,neuter,FALSE
602,birth,рождение,neuter,FALSE
603,research,исследование,neuter,FALSE
604,guest,гость,masculine,FALSE
605,lift,лифт,masculine,FALSE
606,opinion,мнение,neuter,FALSE
607,character,характер,masculine,FALSE
608,mountain,гора,feminine,FALSE
609,heat,жара,feminine,FALSE
610,tie,галстук,masculine,FALSE
611,sheriff,шериф,masculine,FALSE
612,color,цвет,masculine,FALSE
613,sword,меч,masculine,FALSE
614,lab,лаборатория,feminine,FALSE
615,bullet,пуля,feminine,FALSE
616,proof,доказательство,neuter,FALSE
617,base,база,feminine,FALSE
618,cream,крем,masculine,FALSE
619,noise,шум,masculine,FALSE
620,total,итог,masculine,FALSE
621,gang,банда,feminine,FALSE
622,happiness,счастье,neuter,FALSE
623,joy,радость,feminine,FALSE
624,female,женщина,feminine,FALSE
625,draw,чертеж,"masculine (if meant as ""drawing""); ничья",FALSE
626,male,мужчина,masculine,FALSE
627,bite,укус,masculine,FALSE
628,shower,душ,masculine,FALSE
629,audience,аудитория,feminine,FALSE
630,purpose,цель,feminine,FALSE
631,fate,судьба,feminine,FALSE
632,screw,винт,masculine,FALSE
633,gentleman,джентльмен,masculine,FALSE
634,medicine,медицина,feminine,FALSE
635,responsibility,ответственность,feminine,FALSE
636,talk,беседа,feminine,FALSE
637,split,разделение,neuter,FALSE
638,weight,вес,masculine,FALSE
639,unit,единица,feminine,FALSE
640,pig,свинья,feminine,FALSE
641,desk,письменный стол,masculine,FALSE
642,finger,палец,masculine,FALSE
643,pool,бассейн,masculine,FALSE
644,focus,фокус,masculine,FALSE
645,garden,сад,masculine,FALSE
646,property,собственность,feminine,FALSE
647,mayor,мэр,masculine,FALSE
648,issue,вопрос,masculine,FALSE
649,pal,приятель,masculine,FALSE
650,interview,интервью,neuter,FALSE
651,fan,вентилятор,"masculine (if meant as ""fan for air""); фанат",FALSE
652,signal,сигнал,masculine,FALSE
653,silence,тишина,feminine,FALSE
654,surgery,хирургия,feminine,FALSE
655,harm,вред,masculine,FALSE
656,staff,штат,masculine,FALSE
657,chef,шеф-повар,masculine,FALSE
658,weather,погода,feminine,FALSE
659,distance,расстояние,neuter,FALSE
660,process,процесс,masculine,FALSE
661,season,сезон,masculine,FALSE
662,access,доступ,masculine,FALSE
663,model,модель,feminine,FALSE
664,path,тропа,"feminine (if meant as ""path""); путь",FALSE
665,russian,русский,masculine,FALSE
666,member,член,masculine,FALSE
667,style,стиль,masculine,FALSE
668,alarm,сигнал тревоги,masculine,FALSE
669,japanese,японский,masculine,FALSE
670,sugar,сахар,masculine,FALSE
671,roof,крыша,feminine,FALSE
672,funeral,похороны,plural,FALSE
673,damage,повреждение,neuter,FALSE
674,stomach,желудок,masculine,FALSE
675,bread,хлеб,masculine,FALSE
676,snow,снег,masculine,FALSE
677,castle,замок,masculine,FALSE
678,speech,речь,feminine,FALSE
679,block,блок,masculine,FALSE
680,shake,встряска,feminine,FALSE
681,dig,копание,neuter,FALSE
682,post,пост,masculine,FALSE
683,reality,реальность,feminine,FALSE
684,football,футбол,masculine,FALSE
685,spread,распространение,neuter,FALSE
686,coat,пальто,neuter,FALSE
687,chest,грудь,feminine,FALSE
688,success,успех,masculine,FALSE
689,madame,мадам,feminine,FALSE
690,safety,безопасность,feminine,FALSE
691,permission,разрешение,neuter,FALSE
692,fancy,увлечение,neuter,FALSE
693,theory,теория,feminine,FALSE
694,gate,ворота,plural,FALSE
695,journey,путешествие,neuter,FALSE
696,paint,краска,feminine,FALSE
697,lover,возлюбленный(ая),masculine(feminine),FALSE
698,mood,настроение,neuter,FALSE
699,storm,шторм,masculine,FALSE
700,page,страница,feminine,FALSE
701,cheese,сыр,masculine,FALSE
702,priest,священник,masculine,FALSE
703,regret,сожаление,neuter,FALSE
704,contract,договор,masculine,FALSE
705,thief,вор,masculine,FALSE
706,divorce,развод,masculine,FALSE
707,lesson,урок,masculine,FALSE
708,community,сообщество,neuter,FALSE
709,subject,предмет,masculine,FALSE
710,rent,аренда,feminine,FALSE
711,revenge,месть,feminine,FALSE
712,trade,торговля,feminine,FALSE
713,forest,лес,masculine,FALSE
714,rush,спешка,feminine,FALSE
715,owner,владелец,masculine,FALSE
716,amount,количество,neuter,FALSE
717,artist,художник,masculine,FALSE
718,pocket,карман,masculine,FALSE
719,cancer,рак,"masculine (if meant as ""cancer""); рак",FALSE
720,pair,пара,feminine,FALSE
721,ruin,разрушение,neuter,FALSE
722,grandfather,дедушка,masculine,FALSE
723,bike,велосипед,masculine,FALSE
724,loss,потеря,feminine,FALSE
725,liar,лгун,masculine,FALSE
726,winter,зима,feminine,FALSE
727,assistant,помощник,masculine,FALSE
728,murderer,убийца,masculine,FALSE
729,farm,ферма,feminine,FALSE
730,tongue,язык,masculine,FALSE
731,toilet,туалет,masculine,FALSE
732,genius,гений,masculine (person); гениальность,FALSE
733,square,площадь,feminine,FALSE
734,secretary,секретарь,masculine,FALSE
735,connection,связь,feminine,FALSE
736,downstairs,нижний этаж,masculine,FALSE
737,bedroom,спальня,feminine,FALSE
738,professional,профессионал,masculine,FALSE
739,tour,тур,masculine,FALSE
740,player,игрок,masculine,FALSE
741,silver,серебро,neuter,FALSE
742,pity,жалость,feminine,FALSE
743,clock,часы,plural,FALSE
744,ocean,океан,masculine,FALSE
745,dna,ДНК,neuter,FALSE
746,crash,крушение,neuter,FALSE
747,bath,ванна,feminine,FALSE
748,fortune,удача,feminine,FALSE
749,century,век,masculine,FALSE
750,insurance,страхование,neuter,FALSE
751,airport,аэропорт,masculine,FALSE
752,temple,храм,masculine,FALSE
753,knowledge,знание,neuter,FALSE
754,map,карта,feminine,FALSE
755,competition,соревнование,neuter,FALSE
756,defense,защита,feminine,FALSE
757,goodness,доброта,feminine,FALSE
758,event,событие,neuter,FALSE
759,period,период,masculine,FALSE
760,shape,форма,feminine,FALSE
761,hell,ад,masculine,FALSE
762,telephone,телефон,masculine,FALSE
763,request,запрос,masculine,FALSE
764,grant,грант,masculine,FALSE
765,affair,дело,neuter,FALSE
766,grave,могила,feminine,FALSE
767,giant,гигант,masculine,FALSE
768,plant,завод,masculine,FALSE
769,site,место,neuter,FALSE
770,statement,заявление,neuter,FALSE
771,rise,подъем,masculine,FALSE
772,jacket,куртка,feminine,FALSE
773,mercy,милосердие,neuter,FALSE
774,whore,шлюха,feminine,FALSE
775,switch,переключатель,masculine,FALSE
776,meal,еда,feminine,FALSE
777,direction,направление,neuter,FALSE
778,data,данные,"plural, neuter",FALSE
779,horn,рог,masculine,FALSE
780,attorney,адвокат,masculine,FALSE
781,official,чиновник,masculine,FALSE
782,rat,крыса,feminine,FALSE
783,pizza,пицца,feminine,FALSE
784,shock,шок,masculine,FALSE
785,soup,суп,masculine,FALSE
786,courage,мужество,neuter,FALSE
787,yellow,желтый,masculine,FALSE
788,location,местоположение,neuter,FALSE
789,jerk,придурок,masculine,FALSE
790,chocolate,шоколад,masculine,FALSE
791,image,образ,masculine,FALSE
792,regular,обычный,masculine,FALSE
793,taxi,такси,neuter,FALSE
794,piss,моча,feminine,FALSE
795,wound,рана,feminine,FALSE
796,plate,тарелка,feminine,FALSE
797,television,телевидение,neuter,FALSE
798,freak,чудак,mascunline,FALSE
799,traffic,движение,neuter,FALSE
800,dawn,рассвет,masculine,FALSE
801,poison,яд,masculine,FALSE
802,mystery,тайна,feminine,FALSE
803,indian,индийский,masculine,FALSE
804,bang,хлопок,masculine,FALSE
805,disease,болезнь,feminine,FALSE
806,italian,итальянский,masculine,FALSE
807,role,роль,feminine,FALSE
808,butt,задница,feminine,FALSE
809,victory,победа,feminine,FALSE
810,trap,ловушка,feminine,FALSE
811,nation,нация,feminine,FALSE
812,desire,желание,neuter,FALSE
813,midnight,полночь,feminine,FALSE
814,jury,жюри,neuter,FALSE
815,appointment,встреча,feminine,FALSE
816,swim,плавание,neuter,FALSE
817,mail,почта,feminine,FALSE
818,vacation,отпуск,masculine,FALSE
819,source,источник,masculine,FALSE
820,factory,завод,masculine,FALSE
821,palace,дворец,masculine,FALSE
822,crack,трещина,feminine,FALSE
823,talent,талант,masculine,FALSE
824,neighborhood,район,masculine,FALSE
825,threat,угроза,feminine,FALSE
826,ear,ухо,neuter,FALSE
827,miracle,чудо,neuter,FALSE
828,grandmother,бабушка,feminine,FALSE
829,firm,фирма,feminine,FALSE
830,winner,победитель,masculine,FALSE
831,license,лицензия,feminine,FALSE
832,advantage,преимущество,neuter,FALSE
833,monkey,обезьяна,feminine,FALSE
834,mirror,зеркало,neuter,FALSE
835,wood,дерево,neuter,FALSE
836,union,союз,masculine,FALSE
837,christian,христианин,masculine,FALSE
838,violence,насилие,neuter,FALSE
839,protection,защита,feminine,FALSE
840,hook,крючок,masculine,FALSE
841,motherfucker,ублюдок,masculine,FALSE
842,concern,забота,feminine,FALSE
843,effect,эффект,masculine,FALSE
844,studio,студия,feminine,FALSE
845,load,нагрузка,feminine,FALSE
846,treasure,сокровище,neuter,FALSE
847,spell,заклинание,neuter,FALSE
848,iron,железо,neuter,FALSE
849,rescue,спасение,neuter,FALSE
850,treatment,лечение,neuter,FALSE
851,desert,пустыня,feminine,FALSE
852,result,результат,masculine,FALSE
853,piano,пианино,neuter,FALSE
854,friendship,дружба,feminine,FALSE
855,candy,конфета,feminine,FALSE
856,bride,невеста,feminine,FALSE
857,flower,цветок,masculine,FALSE
858,bone,кость,feminine,FALSE
859,value,ценность,feminine,FALSE
860,junior,младший,masculine,FALSE
861,remains,остатки,plural,FALSE
862,metal,металл,masculine,FALSE
863,tip,чаевые,plural,FALSE
864,holiday,отпуск,masculine,FALSE
865,rate,ставка,feminine,FALSE
866,performance,выступление,neuter,FALSE
867,governor,губернатор,masculine,FALSE
868,vehicle,транспортное средство,neuter,FALSE
869,toast,тост,masculine,FALSE
870,pride,гордость,feminine,FALSE
871,champagne,шампанское,neuter,FALSE
872,stranger,незнакомец,masculine,FALSE
873,uniform,форма,feminine,FALSE
874,tear,слеза,feminine,FALSE
875,cab,такси,neuter,FALSE
876,presence,присутствие,neuter,FALSE
877,scream,крик,masculine,FALSE
878,dust,пыль,feminine,FALSE
879,edge,край,masculine,FALSE
880,witch,ведьма,feminine,FALSE
881,media,средства массовой информации,plural,FALSE
882,claim,претензия,feminine,FALSE
883,rice,рис,masculine,FALSE
884,egg,яйцо,neuter,FALSE
885,punch,удар,masculine,FALSE
886,cast,кастинг,masculine,FALSE
887,intelligence,разведка,"feminine (if meant as ""intelligence agency""); интеллект",FALSE
888,cow,корова,feminine,FALSE
889,surface,поверхность,feminine,FALSE
890,cigarette,сигарета,feminine,FALSE
891,destiny,судьба,feminine,FALSE
892,score,счет,masculine,FALSE
893,technology,технология,feminine,FALSE
894,dragon,дракон,masculine,FALSE
895,pilot,пилот,masculine,FALSE
896,sin,грех,masculine,FALSE
897,emperor,император,masculine,FALSE
898,goal,цель,feminine,FALSE
899,youth,молодежь,feminine,FALSE
900,pot,горшок,masculine,FALSE
901,wolf,волк,masculine,FALSE
902,boom,взрыв,masculine,FALSE
903,row,ряд,masculine,FALSE
904,section,секция,feminine,FALSE
905,dump,свалка,feminine,FALSE
906,text,текст,masculine,FALSE
907,prisoner,заключённый,masculine,FALSE
908,zero,ноль,masculine,FALSE
909,wheel,колесо,neuter,FALSE
910,exchange,обмен,masculine,FALSE
911,coast,побережье,neuter,FALSE
912,grade,оценка,feminine,FALSE
913,shift,смена,feminine,FALSE
914,cure,лекарство,neuter,FALSE
915,sacrifice,жертва,feminine,FALSE
916,beast,зверь,masculine,FALSE
917,pie,пирог,masculine,FALSE
918,material,материал,masculine,FALSE
919,creature,существо,neuter,FALSE
920,trace,след,masculine,FALSE
921,button,кнопка,feminine,FALSE
922,darkness,тьма,feminine,FALSE
923,ambulance,скорая помощь,feminine,FALSE
924,internet,интернет,masculine,FALSE
925,range,диапазон,masculine,FALSE
926,expert,эксперт,masculine,FALSE
927,freeze,заморозка,feminine,FALSE
928,sale,распродажа,feminine,FALSE
929,juice,сок,masculine,FALSE
930,solution,раствор,masculine,FALSE
931,tower,башня,feminine,FALSE
932,mass,масса,feminine,FALSE
933,alien,пришелец,masculine,FALSE
934,schedule,расписание,neuter,FALSE
935,stairs,лестница,feminine,FALSE
936,fruit,фрукт,masculine,FALSE
937,spy,шпион,masculine,FALSE
938,senior,старший,masculine,FALSE
939,garage,гараж,masculine,FALSE
940,anger,гнев,masculine,FALSE
941,clue,подсказка,feminine,FALSE
942,magazine,журнал,masculine,FALSE
943,zone,зона,feminine,FALSE
944,shoulder,плечо,neuter,FALSE
945,progress,прогресс,masculine,FALSE
946,snake,змея,feminine,FALSE
947,effort,усилие,neuter,FALSE
948,elevator,лифт,masculine,FALSE
949,sentence,предложение,neuter,FALSE
950,equipment,оборудование,neuter,FALSE
951,attitude,отношение,neuter,FALSE
952,newspaper,газета,feminine,FALSE
953,warrant,ордер,masculine,FALSE
954,loser,проигравший,masculine,FALSE
955,series,серия,feminine,FALSE
956,vision,зрение,neuter,FALSE
957,actor,актёр,masculine,FALSE
958,curse,проклятие,neuter,FALSE
959,shadow,тень,feminine,FALSE
960,passion,страсть,feminine,FALSE
961,route,маршрут,masculine,FALSE
962,reporter,репортёр,masculine,FALSE
963,explosion,взрыв,masculine,FALSE
964,squad,отряд,masculine,FALSE
965,kingdom,королевство,neuter,FALSE
966,screen,экран,masculine,FALSE
967,fashion,мода,feminine,FALSE
968,wave,волна,feminine,FALSE
969,climb,подъём,masculine,FALSE
970,pen,ручка,feminine,FALSE
971,incident,инцидент,masculine,FALSE
972,bull,бык,masculine,FALSE
973,chain,цепь,feminine,FALSE
974,device,устройство,neuter,FALSE
975,debt,долг,masculine,FALSE
976,campaign,кампания,feminine,FALSE
977,hug,объятие,neuter,FALSE
978,alcohol,алкоголь,masculine,FALSE
979,conference,конференция,feminine,FALSE
980,education,образование,neuter,FALSE
981,politics,политика,feminine,FALSE
982,rape,изнасилование,neuter,FALSE
983,mummy,мумия,feminine,FALSE
984,border,граница,feminine,FALSE
985,wire,провод,masculine,FALSE
986,prize,приз,masculine,FALSE
987,circle,круг,masculine,FALSE
988,object,объект,masculine,FALSE
989,robbery,ограбление,neuter,FALSE
990,thunder,гром,masculine,FALSE
991,rope,веревка,feminine,FALSE
992,salt,соль,feminine,FALSE
993,flesh,плоть,feminine,FALSE
994,writer,писатель,masculine,FALSE
995,trash,мусор,masculine,FALSE
996,reward,вознаграждение,neuter,FALSE
997,glory,слава,feminine,FALSE
998,authority,власть,feminine,FALSE
999,estate,имущество,neuter,FALSE
1000,yard,двор,masculine,FALSE
1001,tank,танк,masculine,FALSE
1002,confidence,уверенность,feminine,FALSE
1003,lack,недостаток,masculine,FALSE
1004,apple,яблоко,neuter,FALSE
1005,approach,подход,masculine,FALSE
1006,chick,цыплёнок,masculine,FALSE
1007,doll,кукла,feminine,FALSE
1008,duck,утка,feminine,FALSE
1009,stock,акции,"plural, feminine",FALSE
1010,library,библиотека,feminine,FALSE
1011,failure,неудача,feminine,FALSE
1012,movement,движение,neuter,FALSE
1013,bow,лук,masculine,FALSE
1014,tail,хвост,masculine,FALSE
1015,senator,сенатор,masculine,FALSE
1016,nightmare,кошмар,masculine,FALSE
1017,theater,театр,masculine,FALSE
1018,sand,песок,masculine,FALSE
1019,reputation,репутация,feminine,FALSE
1020,slip,промах,masculine,FALSE
1021,pink,розовый,masculine (adjective used as a noun),FALSE
1022,maid,горничная,feminine,FALSE
1023,agency,агентство,neuter,FALSE
1024,childhood,детство,neuter,FALSE
1025,opposite,противоположность,feminine,FALSE
1026,policy,политика,feminine,FALSE
1027,panic,паника,feminine,FALSE
1028,design,дизайн,masculine,FALSE
1029,chat,чат,masculine,FALSE
1030,task,задача,feminine,FALSE
1031,chatter,болтовня,feminine,FALSE
1032,belt,ремень,masculine,FALSE
1033,guarantee,гарантия,feminine,FALSE
1034,current,течение,neuter,FALSE
1035,garbage,мусор,masculine,FALSE
1036,custody,опека,feminine,FALSE
1037,demon,демон,masculine,FALSE
1038,coincidence,совпадение,neuter,FALSE
1039,attempt,попытка,feminine,FALSE
1040,revolution,революция,feminine,FALSE
1041,agreement,соглашение,neuter,FALSE
1042,empire,империя,feminine,FALSE
1043,disaster,катастрофа,feminine,FALSE
1044,advance,аванс,masculine,FALSE
1045,guitar,гитара,feminine,FALSE
1046,detail,деталь,feminine,FALSE
1047,behavior,поведение,neuter,FALSE
1048,delivery,доставка,feminine,FALSE
1049,ability,способность,feminine,FALSE
1050,district,район,masculine,FALSE
1051,shoe,обувь,feminine,FALSE
1052,slave,раб,masculine,FALSE
1053,coward,трус,masculine,FALSE
1054,hunter,охотник,masculine,FALSE
1055,culture,культура,feminine,FALSE
1056,explanation,объяснение,neuter,FALSE
1057,committee,комитет,masculine,FALSE
1058,background,фон,masculine,FALSE
1059,identity,личность,feminine,FALSE
1060,channel,канал,masculine,FALSE
1061,bound,связь,feminine,FALSE
1062,species,вид,masculine,FALSE
1063,struggle,борьба,feminine,FALSE
1064,mask,маска,feminine,FALSE
1065,fever,лихорадка,feminine,FALSE
1066,loan,займ,masculine,FALSE
1067,whistle,свисток,masculine,FALSE
1068,punishment,наказание,neuter,FALSE
1069,production,производство,neuter,FALSE
1070,capital,столица,feminine,FALSE
1071,potential,потенциал,masculine,FALSE
1072,quarter,четверть,feminine,FALSE
1073,bowl,миска,feminine,FALSE
1074,museum,музей,masculine,FALSE
1075,cheer,одобрение,neuter,FALSE
1076,dish,блюдо,neuter,FALSE
1077,gunshot,выстрел,masculine,FALSE
1078,closet,шкаф,masculine,FALSE
1079,dirt,грязь,feminine,FALSE
1080,crown,корона,feminine,FALSE
1081,shout,крик,masculine,FALSE
1082,fella,парень,masculine,FALSE
1083,couch,диван,masculine,FALSE
1084,demand,требование,neuter,FALSE
1085,transfer,перевод,masculine,FALSE
1086,joint,сочленение,neuter,FALSE
1087,episode,эпизод,masculine,FALSE
1088,basement,подвал,masculine,FALSE
1089,roman,римлянин,masculine,FALSE
1090,article,статья,feminine,FALSE
1091,guide,гид,masculine,FALSE
1092,sandwich,бутерброд,masculine,FALSE
1093,flash,вспышка,feminine,FALSE
1094,wallet,бумажник,masculine,FALSE
1095,quality,качество,neuter,FALSE
1096,concert,концерт,masculine,FALSE
1097,singer,певец,masculine,FALSE
1098,lane,полоса,feminine,FALSE
1099,baseball,бейсбол,masculine,FALSE
1100,title,титул,masculine,FALSE
1101,commissioner,комиссар,masculine,FALSE
1102,pee,пись,neuter (colloquial),FALSE
1103,charity,благотворительность,feminine,FALSE
1104,drama,драма,feminine,FALSE
1105,ceremony,церемония,feminine,FALSE
1106,package,пакет,masculine,FALSE
1107,shine,блеск,masculine,FALSE
1108,comrade,товарищ,masculine,FALSE
1109,pussy,киска,feminine (colloquial),FALSE
1110,supply,поставка,feminine,FALSE
1111,tone,тон,masculine,FALSE
1112,customer,покупатель,masculine,FALSE
1113,sweat,пот,masculine,FALSE
1114,possibility,возможность,feminine,FALSE
1115,flag,флаг,masculine,FALSE
1116,plastic,пластик,masculine,FALSE
1117,gear,шестеренка,feminine,FALSE
1118,surrender,капитуляция,feminine,FALSE
1119,impression,впечатление,neuter,FALSE
1120,self,сам,masculine (short for ‘само’ when used as a noun meaning ‘self’),FALSE
1121,bust,арест,masculine,FALSE
1122,servant,слуга,masculine,FALSE
1123,gym,спортзал,masculine,FALSE
1124,assault,нападение,neuter,FALSE
1125,trail,след,masculine,FALSE
1126,crisis,кризис,masculine,FALSE
1127,collection,коллекция,feminine,FALSE
1128,diamond,алмаз,masculine,FALSE
1129,adult,взрослый,masculine,FALSE
1130,bible,библия,feminine,FALSE
1131,league,лига,feminine,FALSE
1132,orange,апельсин,masculine,FALSE
1133,imagination,воображение,neuter,FALSE
1134,neighbor,сосед,masculine,FALSE
1135,blast,взрыв,masculine,FALSE
1136,balance,баланс,masculine,FALSE
1137,golf,гольф,masculine,FALSE
1138,defeat,поражение,neuter,FALSE
1139,theme,тема,feminine,FALSE
1140,comfort,комфорт,masculine,FALSE
1141,reaction,реакция,feminine,FALSE
1142,legend,легенда,feminine,FALSE
1143,grass,трава,feminine,FALSE
1144,print,печать,feminine,FALSE
1145,virus,вирус,masculine,FALSE
1146,launch,запуск,masculine,FALSE
1147,siren,сирена,feminine,FALSE
1148,entrance,вход,masculine,FALSE
1149,religion,религия,feminine,FALSE
1150,butter,масло,neuter,FALSE
1151,homework,домашнее задание,neuter,FALSE
1152,stress,стресс,masculine,FALSE
1153,cap,кепка,feminine,FALSE
1154,bat,летучая мышь,feminine,FALSE
1155,mix,микс,masculine,FALSE
1156,torture,пытка,feminine,FALSE
1157,deck,палуба,feminine,FALSE
1158,rabbit,кролик,masculine,FALSE
1159,option,опция,feminine,FALSE
1160,accent,акцент,masculine,FALSE
1161,tax,налог,masculine,FALSE
1162,rip,разрыв,masculine,FALSE
1163,bud,почка,feminine,FALSE
1164,therapy,терапия,feminine,FALSE
1165,lifetime,всю жизнь,feminine,FALSE
1166,crush,увлечение,neuter,FALSE
1167,champion,чемпион,masculine,FALSE
1168,skull,череп,masculine,FALSE
1169,version,версия,feminine,FALSE
1170,mistress,любовница,feminine,FALSE
1171,fuel,топливо,neuter,FALSE
1172,term,срок,masculine,FALSE
1173,bond,облигация,feminine,FALSE
1174,plain,равнина,feminine,FALSE
1175,experiment,эксперимент,masculine,FALSE
1176,monk,монах,masculine,FALSE
1177,lion,лев,masculine,FALSE
1178,lad,парень,masculine,FALSE
1179,exercise,упражнение,neuter,FALSE
1180,purse,кошелек,masculine,FALSE
1181,cave,пещера,feminine,FALSE
1182,standard,стандарт,masculine,FALSE
1183,tunnel,тоннель,masculine,FALSE
1184,steel,сталь,feminine,FALSE
1185,division,раздел,masculine,FALSE
1186,sheep,овца,feminine,FALSE
1187,classic,классика,feminine,FALSE
1188,nephew,племянник,masculine,FALSE
1189,sauce,соус,masculine,FALSE
1190,influence,влияние,neuter,FALSE
1191,network,сеть,feminine,FALSE
1192,contest,конкурс,masculine,FALSE
1193,cabin,кабина,feminine,FALSE
1194,jungle,джунгли,plural,FALSE
1195,vampire,вампир,masculine,FALSE
1196,exit,выход,masculine,FALSE
1197,spit,плевок,masculine,FALSE
1198,generation,поколение,neuter,FALSE
1199,crystal,кристалл,masculine,FALSE
1200,status,статус,masculine,FALSE
1201,degree,степень,feminine,FALSE
1202,buck,бакс,masculine (colloquial for ‘доллар’),FALSE
1203,brand,бренд,masculine,FALSE
1204,toy,игрушка,feminine,FALSE
1205,scratch,царапина,feminine,FALSE
1206,tribe,племя,neuter,FALSE
1207,script,сценарий,masculine,FALSE
1208,nerve,нерв,masculine,FALSE
1209,seal,печать,feminine,FALSE
1210,bug,жук,masculine,FALSE
1211,response,ответ,masculine,FALSE
1212,surveillance,наблюдение,neuter,FALSE
1213,gain,прирост,masculine,FALSE
1214,trigger,курок,masculine,FALSE
1215,clinic,клиника,feminine,FALSE
1216,patience,терпение,neuter,FALSE
1217,traitor,предатель,masculine,FALSE
1218,heck,черт,masculine,FALSE
1219,hail,град,masculine,FALSE
1220,port,порт,masculine,FALSE
1221,beef,говядина,feminine,FALSE
1222,routine,рутина,feminine,FALSE
1223,outfit,наряд,masculine,FALSE
1224,confession,признание,neuter,FALSE
1225,ease,удобство,neuter,FALSE
1226,deputy,заместитель,masculine,FALSE
1227,principal,директор,masculine,FALSE
1228,stake,ставка,feminine,FALSE
1229,link,связь,feminine,FALSE
1230,industry,индустрия,feminine,FALSE
1231,costume,костюм,masculine,FALSE
1232,argument,аргумент,masculine,FALSE
1233,motion,движение,neuter,FALSE
1234,construction,строительство,neuter,FALSE
1235,aim,цель,feminine,FALSE
1236,pattern,узор,masculine,FALSE
1237,nail,гвоздь,masculine,FALSE
1238,electricity,электричество,neuter,FALSE
1239,warrior,воин,masculine,FALSE
1240,fairy,фея,feminine,FALSE
1241,anniversary,юбилей,masculine,FALSE
1242,temperature,температура,feminine,FALSE
1243,booth,будка,feminine,FALSE
1244,pet,питомец,masculine,FALSE
1245,sport,спорт,masculine,FALSE
1246,bail,залог,masculine,FALSE
1247,interrupt,прерывание,neuter,FALSE
1248,tune,мелодия,feminine,FALSE
1249,prayer,молитва,feminine,FALSE
1250,conscience,совесть,feminine,FALSE
1251,headquarters,штаб-квартира,feminine,FALSE
1252,cock,петух,masculine,FALSE
1253,chip,чип,masculine,FALSE
1254,guilt,вина,feminine,FALSE
1255,chill,озноб,masculine,FALSE
1256,mouse,мышь,feminine,FALSE
1257,dealer,дилер,masculine,FALSE
1258,backup,резервная копия,feminine,FALSE
1259,paradise,рай,masculine,FALSE
1260,bishop,епископ,masculine,FALSE
1261,trunk,багажник,masculine,FALSE
1262,tradition,традиция,feminine,FALSE
1263,salad,салат,masculine,FALSE
1264,complex,комплекс,masculine,FALSE
1265,average,среднее,neuter,FALSE
1266,cliff,утес,masculine,FALSE
1267,greek,грек,masculine,FALSE
1268,behalf,имя,neuter,FALSE
1269,punk,панк,masculine,FALSE
1270,strip,полоса,feminine,FALSE
1271,pipe,труба,feminine,FALSE
1272,sample,образец,masculine,FALSE
1273,laundry,прачечная,feminine,FALSE
1274,environment,окружение,neuter,FALSE
1275,cage,клетка,feminine,FALSE
1276,robot,робот,masculine,FALSE
1277,habit,привычка,feminine,FALSE
1278,wrap,обертка,feminine,FALSE
1279,belly,живот,masculine,FALSE
1280,benefit,выгода,feminine,FALSE
1281,sink,раковина,feminine,FALSE
1282,beep,сигнал,masculine,FALSE
1283,motive,мотив,masculine,FALSE
1284,circus,цирк,masculine,FALSE
1285,territory,территория,feminine,FALSE
1286,pit,яма,feminine,FALSE
1287,apology,извинение,neuter,FALSE
1288,exam,экзамен,masculine,FALSE
1289,festival,фестиваль,masculine,FALSE
1290,actress,актриса,feminine,FALSE
1291,ward,палата,feminine,FALSE
1292,activity,деятельность,feminine,FALSE
1293,worker,работник,masculine,FALSE
1294,policeman,полицейский,masculine,FALSE
1295,shelter,убежище,neuter,FALSE
1296,existence,существование,neuter,FALSE
1297,atmosphere,атмосфера,feminine,FALSE
1298,product,продукт,masculine,FALSE
1299,meantime,междувременье,neuter,FALSE
1300,limit,предел,masculine,FALSE
1301,election,выборы,"plural, both genders",FALSE
1302,underwear,нижнее белье,neuter,FALSE
1303,pulse,пульс,masculine,FALSE
1304,farewell,прощание,neuter,FALSE
1305,slap,шлепок,masculine,FALSE
1306,yell,крик,masculine,FALSE
1307,doorbell,звонок,masculine,FALSE
1308,adventure,приключение,neuter,FALSE
1309,passport,паспорт,masculine,FALSE
1310,hammer,молоток,masculine,FALSE
1311,hood,капот,masculine,FALSE
1312,judgment,приговор,masculine,FALSE
1313,homicide,убийство,neuter,FALSE
1314,patrol,патруль,masculine,FALSE
1315,flow,поток,masculine,FALSE
1316,fence,забор,masculine,FALSE
1317,noon,полдень,masculine,FALSE
1318,occasion,случай,masculine,FALSE
1319,personality,личность,feminine,FALSE
1320,fantasy,фантазия,feminine,FALSE
1321,produce,продукция,feminine,FALSE
1322,odds,шансы,"plural, both genders",FALSE
1323,signature,подпись,feminine,FALSE
1324,individual,индивидуальность,feminine,FALSE
1325,charm,очарование,neuter,FALSE
1326,chairman,председатель,masculine,FALSE
1327,frame,рамка,feminine,FALSE
1328,relief,облегчение,neuter,FALSE
1329,cloud,облако,neuter,FALSE
1330,corpse,тело,neuter,FALSE
1331,organization,организация,feminine,FALSE
1332,host,хозяин,masculine,FALSE
1333,transport,транспорт,masculine,FALSE
1334,oxygen,кислород,masculine,FALSE
1335,citizen,гражданин,masculine,FALSE
1336,impact,воздействие,neuter,FALSE
1337,offense,преступление,neuter,FALSE
1338,producer,производитель,masculine,FALSE
1339,kit,комплект,masculine,FALSE
1340,ad,объявление,neuter,FALSE
1341,escort,сопровождение,neuter,FALSE
1342,invitation,приглашение,neuter,FALSE
1343,terrorist,террорист,masculine,FALSE
1344,clay,глина,feminine,FALSE
1345,tragedy,трагедия,feminine,FALSE
1346,math,математика,feminine,FALSE
1347,shed,сарай,masculine,FALSE
1348,procedure,процедура,feminine,FALSE
1349,monitor,монитор,masculine,FALSE
1350,spin,вращение,neuter,FALSE
1351,clown,клоун,masculine,FALSE
1352,necklace,ожерелье,neuter,FALSE
1353,mud,грязь,feminine,FALSE
1354,profile,профиль,masculine,FALSE
1355,angle,угол,masculine,FALSE
1356,furniture,мебель,feminine,FALSE
1357,engagement,помолвка,feminine,FALSE
1358,moron,идиот,masculine,FALSE
1359,shark,акула,feminine,FALSE
1360,humanity,человечество,neuter,FALSE
1361,chop,отбивная,feminine,FALSE
1362,snap,щелчок,masculine,FALSE
1363,sales,продажи,"plural, both genders",FALSE
1364,stable,конюшня,feminine,FALSE
1365,granny,бабушка,feminine,FALSE
1366,pole,шест,masculine,FALSE
1367,dancer,танцор,masculine,FALSE
1368,footage,кадры,"plural, both genders",FALSE
1369,increase,увеличение,neuter,FALSE
1370,stretch,растяжка,feminine,FALSE
1371,romance,роман,masculine,FALSE
1372,helicopter,вертолёт,masculine,FALSE
1373,pitch,подача,feminine,FALSE
1374,instance,пример,masculine,FALSE
1375,lemon,лимон,masculine,FALSE
1376,headache,головная боль,feminine,FALSE
1377,rubbish,мусор,masculine,FALSE
1378,session,сессия,feminine,FALSE
1379,pin,булавка,feminine,FALSE
1380,chamber,камера,feminine,FALSE
1381,commercial,реклама,feminine,FALSE
1382,liver,печень,feminine,FALSE
1383,penis,пенис,masculine,FALSE
1384,engineer,инженер,masculine,FALSE
1385,supper,ужин,masculine,FALSE
1386,liquor,спиртное,neuter,FALSE
1387,drill,дрель,feminine,FALSE
1388,alley,аллея,feminine,FALSE
1389,hop,прыжок,masculine,FALSE
1390,destruction,разрушение,neuter,FALSE
1391,junk,хлам,masculine,FALSE
1392,rocket,ракета,feminine,FALSE
1393,elder,старейшина,masculine,FALSE
1394,opera,опера,feminine,FALSE
1395,highway,шоссе,neuter,FALSE
1396,fighter,боец,masculine,FALSE
1397,shell,раковина,feminine,FALSE
1398,alpha,альфа,feminine,FALSE
1399,liberty,свобода,feminine,FALSE
1400,surgeon,хирург,masculine,FALSE
1401,bum,бездомный,masculine,FALSE
1402,widow,вдова,feminine,FALSE
1403,reverend,священник,masculine,FALSE
1404,insult,оскорбление,neuter,FALSE
1405,comment,комментарий,masculine,FALSE
1406,soap,мыло,neuter,FALSE
1407,prick,укол,masculine,FALSE
1408,scale,весы,"plural, both genders",FALSE
1409,grief,печаль,feminine,FALSE
1410,knee,колено,neuter,FALSE
1411,slut,шлюха,feminine,FALSE
1412,album,альбом,masculine,FALSE
1413,defendant,обвиняемый,masculine,FALSE
1414,goddess,богиня,feminine,FALSE
1415,bend,изгиб,masculine,FALSE
1416,makeup,макияж,masculine,FALSE
1417,loyalty,верность,feminine,FALSE
1418,powder,порошок,masculine,FALSE
1419,gene,ген,masculine,FALSE
1420,diet,диета,feminine,FALSE
1421,parent,родитель,masculine,FALSE
1422,jam,джем,masculine,FALSE
1423,salary,зарплата,feminine,FALSE
1424,latin,латынь,feminine,FALSE
1425,population,население,neuter,FALSE
1426,ambassador,посол,masculine,FALSE
1427,locker,шкафчик,masculine,FALSE
1428,praise,похвала,feminine,FALSE
1429,trauma,травма,feminine,FALSE
1430,shore,берег,masculine,FALSE
1431,wealth,богатство,neuter,FALSE
1432,honeymoon,медовый месяц,masculine,FALSE
1433,blade,лезвие,neuter,FALSE
1434,whiskey,виски,neuter,FALSE
1435,core,ядро,neuter,FALSE
1436,aid,помощь,feminine,FALSE
1437,tent,палатка,feminine,FALSE
1438,blonde,блондинка,feminine,FALSE
1439,intention,намерение,neuter,FALSE
1440,abuse,злоупотребление,neuter,FALSE
1441,poetry,поэзия,feminine,FALSE
1442,jet,реактивный самолет,masculine,FALSE
1443,resistance,сопротивление,neuter,FALSE
1444,beard,борода,feminine,FALSE
1445,strategy,стратегия,feminine,FALSE
1446,goat,козел,masculine,FALSE
1447,award,награда,feminine,FALSE
1448,corn,кукуруза,feminine,FALSE
1449,pro,профессионал,masculine,FALSE
1450,net,сеть,feminine,FALSE
1451,tattoo,татуировка,feminine,FALSE
1452,stroke,удар,masculine,FALSE
1453,novel,роман,masculine,FALSE
1454,chaos,хаос,masculine,FALSE
1455,colleague,коллега,masculine,FALSE
1456,scientist,ученый,masculine,FALSE
1457,tale,сказка,feminine,FALSE
1458,warehouse,склад,masculine,FALSE
1459,elephant,слон,masculine,FALSE
1460,hostage,заложник,masculine,FALSE
1461,branch,ветвь,feminine,FALSE
1462,objection,возражение,neuter,FALSE
1463,lap,колени,"plural, both genders",FALSE
1464,possession,владение,neuter,FALSE
1465,tap,кран,masculine,FALSE
1466,superior,начальство,neuter,FALSE
1467,chin,подбородок,masculine,FALSE
1468,soda,газировка,feminine,FALSE
1469,commission,комиссия,feminine,FALSE
1470,cinema,кинотеатр,masculine,FALSE
1471,muscle,мышца,feminine,FALSE
1472,poem,стих,masculine,FALSE
1473,appeal,апелляция,feminine,FALSE
1474,steak,бифштекс,masculine,FALSE
1475,survival,выживание,neuter,FALSE
1476,profit,прибыль,feminine,FALSE
1477,symbol,символ,masculine,FALSE
1478,madness,безумие,neuter,FALSE
1479,development,развитие,neuter,FALSE
1480,sail,парус,masculine,FALSE
1481,tooth,зуб,masculine,FALSE
1482,review,обзор,masculine,FALSE
1483,basketball,баскетбол,masculine,FALSE
1484,management,управление,neuter,FALSE
1485,tube,трубка,feminine,FALSE
1486,rifle,винтовка,feminine,FALSE
1487,log,бревно,neuter,FALSE
1488,bee,пчела,feminine,FALSE
1489,squeeze,сжатие,neuter,FALSE
1490,manner,манера,feminine,FALSE
1491,entry,вход,masculine,FALSE
1492,cable,кабель,masculine,FALSE
1493,pan,сковорода,feminine,FALSE
1494,native,коренной житель,masculine,FALSE
1495,waiter,официант,masculine,FALSE
1496,brick,кирпич,masculine,FALSE
1497,pork,свинина,feminine,FALSE
1498,pile,куча,feminine,FALSE
1499,expression,выражение,neuter,FALSE
1500,clan,клан,masculine,FALSE
1501,facility,учреждение,neuter,FALSE
1502,reception,прием,masculine,FALSE
1503,statue,статуя,feminine,FALSE
1504,satellite,спутник,masculine,FALSE
1505,polish,полировка,feminine,FALSE
1506,pound,фунт,masculine,FALSE
1507,communication,связь,feminine,FALSE
1508,fridge,холодильник,masculine,FALSE
1509,foundation,фундамент,masculine,FALSE
1510,appearance,внешность,feminine,FALSE
1511,proposal,предложение,neuter,FALSE
1512,combat,бой,masculine,FALSE
1513,slide,горка,feminine,FALSE
1514,delay,задержка,feminine,FALSE
1515,labor,труд,masculine,FALSE
1516,burden,бремя,neuter,FALSE
1517,payment,платёж,masculine,FALSE
1518,mall,торговый центр,masculine,FALSE
1519,paperwork,документооборот,masculine,FALSE
1520,lamb,ягнёнок,masculine,FALSE
1521,item,предмет,masculine,FALSE
1522,testimony,показания,"plural, neuter",FALSE
1523,hip,бедро,neuter,FALSE
1524,prom,выпускной вечер,masculine,FALSE
1525,patch,заплатка,feminine,FALSE
1526,assignment,задание,neuter,FALSE
1527,motel,мотель,masculine,FALSE
1528,fraud,мошенничество,neuter,FALSE
1529,dessert,десерт,masculine,FALSE
1530,injury,травма,feminine,FALSE
1531,bout,поединок,masculine,FALSE
1532,sack,мешок,masculine,FALSE
1533,soil,почва,feminine,FALSE
1534,badge,значок,masculine,FALSE
1535,motor,мотор,masculine,FALSE
1536,description,описание,neuter,FALSE
1537,battery,батарея,feminine,FALSE
1538,complaint,жалоба,feminine,FALSE
1539,cowboy,ковбой,masculine,FALSE
1540,privacy,конфиденциальность,feminine,FALSE
1541,wisdom,мудрость,feminine,FALSE
1542,contrary,противоположность,feminine,FALSE
1543,crane,кран,masculine,FALSE
1544,leak,утечка,feminine,FALSE
1545,pill,таблетка,feminine,FALSE
1546,suitcase,чемодан,masculine,FALSE
1547,vodka,водка,feminine,FALSE
1548,chemical,химикат,masculine,FALSE
1549,catholic,католик,masculine,FALSE
1550,soccer,футбол,masculine,FALSE
1551,brush,щётка,feminine,FALSE
1552,illness,болезнь,feminine,FALSE
1553,flip,кувырок,masculine,FALSE
1554,twist,поворот,masculine,FALSE
1555,chapter,глава,feminine,FALSE
1556,measure,мера,feminine,FALSE
1557,radar,радар,masculine,FALSE
1558,editor,редактор,masculine,FALSE
1559,structure,структура,feminine,FALSE
1560,marshal,маршал,masculine,FALSE
1561,bid,предложение,neuter,FALSE
1562,palm,ладонь,feminine,FALSE
1563,pub,паб,masculine,FALSE
1564,analysis,анализ,masculine,FALSE
1565,throne,трон,masculine,FALSE
1566,barn,амбар,masculine,FALSE
1567,rage,ярость,feminine,FALSE
1568,fleet,флот,masculine,FALSE
1569,budget,бюджет,masculine,FALSE
1570,humor,юмор,masculine,FALSE
1571,employee,сотрудник,masculine,FALSE
1572,medication,лекарство,neuter,FALSE
1573,booze,спиртное,neuter,FALSE
1574,sis,сестрёнка,feminine,FALSE
1575,turtle,черепаха,feminine,FALSE
1576,nut,орех,masculine,FALSE
1577,coin,монета,feminine,FALSE
1578,basis,основание,neuter,FALSE
1579,discussion,дискуссия,feminine,FALSE
1580,temper,характер,masculine,FALSE
1581,plot,заговор,masculine,FALSE
1582,casino,казино,neuter,FALSE
1583,poker,покер,masculine,FALSE
1584,farmer,фермер,masculine,FALSE
1585,counter,прилавок,masculine,FALSE
1586,fucker,ублюдок,masculine,FALSE
1587,repair,ремонт,masculine,FALSE
1588,cookie,печенье,neuter,FALSE
1589,baker,пекарь,masculine,FALSE
1590,massage,массаж,masculine,FALSE
1591,entertainment,развлечение,neuter,FALSE
1592,bucket,ведро,neuter,FALSE
1593,whip,кнут,masculine,FALSE
1594,forgiveness,прощение,neuter,FALSE
1595,spider,паук,masculine,FALSE
1596,phase,фаза,feminine,FALSE
1597,diary,дневник,masculine,FALSE
1598,blanket,одеяло,neuter,FALSE
1599,comedy,комедия,feminine,FALSE
1600,height,высота,feminine,FALSE
1601,dive,погружение,neuter,FALSE
1602,tennis,теннис,masculine,FALSE
1603,sunshine,солнечный свет,masculine,FALSE
1604,dope,дурь,feminine,FALSE
1605,permit,разрешение,neuter,FALSE
1606,jazz,джаз,masculine,FALSE
1607,swallow,ласточка,feminine,FALSE
1608,towel,полотенце,neuter,FALSE
1609,function,функция,feminine,FALSE
1610,bunny,кролик,masculine,FALSE
1611,niece,племянница,feminine,FALSE
1612,prosecutor,прокурор,masculine,FALSE
1613,fund,фонд,masculine,FALSE
1614,pump,насос,masculine,FALSE
1615,region,регион,masculine,FALSE
1616,weakness,слабость,feminine,FALSE
1617,discovery,открытие,neuter,FALSE
1618,needle,игла,feminine,FALSE
1619,executive,руководитель,masculine,FALSE
1620,halt,остановка,feminine,FALSE
1621,nest,гнездо,neuter,FALSE
1622,gravity,гравитация,feminine,FALSE
1623,wagon,повозка,feminine,FALSE
1624,con,обман,masculine,FALSE
1625,burst,взрыв,masculine,FALSE
1626,weed,сорняк,masculine,FALSE
1627,concept,понятие,neuter,FALSE
1628,vessel,сосуд,masculine,FALSE
1629,zoo,зоопарк,masculine,FALSE
1630,stink,зловоние,neuter,FALSE
1631,leather,кожа,feminine,FALSE
1632,mexican,мексиканец,masculine,FALSE
1633,sheet,простыня,feminine,FALSE
1634,boot,ботинок,masculine,FALSE
1635,reverse,реверс,masculine,FALSE
1636,grandson,внук,masculine,FALSE
1637,shield,щит,masculine,FALSE
1638,conduct,поведение,neuter,FALSE
1639,luggage,багаж,masculine,FALSE
1640,promotion,продвижение,neuter,FALSE
1641,menu,меню,neuter,FALSE
1642,bacon,бекон,masculine,FALSE
1643,method,метод,masculine,FALSE
1644,parade,парад,masculine,FALSE
1645,potato,картофель,masculine,FALSE
1646,tag,ярлык,masculine,FALSE
1647,radiation,радиация,feminine,FALSE
1648,technique,техника,feminine,FALSE
1649,jewelry,украшение,neuter,FALSE
1650,nanny,няня,feminine,FALSE
1651,cart,телега,feminine,FALSE
1652,tissue,салфетка,feminine,FALSE
1653,shooter,стрелок,masculine,FALSE
1654,arrival,прибытие,neuter,FALSE
1655,root,корень,masculine,FALSE
1656,galaxy,галактика,feminine,FALSE
1657,gossip,сплетня,feminine,FALSE
1658,skill,умение,neuter,FALSE
1659,conspiracy,заговор,masculine,FALSE
1660,groom,жених,masculine,FALSE
1661,cherry,вишня,feminine,FALSE
1662,hunger,голод,masculine,FALSE
1663,ideal,идеал,masculine,FALSE
1664,dough,тесто,neuter,FALSE
1665,terror,террор,masculine,FALSE
1666,ham,ветчина,feminine,FALSE
1667,priority,приоритет,masculine,FALSE
1668,mankind,человечество,neuter,FALSE
1669,click,клик,masculine,FALSE
1670,european,европеец,masculine,FALSE
1671,pillow,подушка,feminine,FALSE
1672,scan,сканирование,neuter,FALSE
1673,rehearsal,репетиция,feminine,FALSE
1674,poet,поэт,masculine,FALSE
1675,celebration,празднование,neuter,FALSE
1676,cattle,скот,masculine,FALSE
1677,drawer,выдвижной ящик,masculine,FALSE
1678,lighter,зажигалка,feminine,FALSE
1679,register,регистр,masculine,FALSE
1680,comic,комикс,masculine,FALSE
1681,lamp,лампа,feminine,FALSE
1682,stab,удар,masculine,FALSE
1683,dignity,достоинство,neuter,FALSE
1684,wreck,крушение,neuter,FALSE
1685,relative,родственник,masculine,FALSE
1686,coma,кома,feminine,FALSE
1687,corporal,капрал,masculine,FALSE
1688,basket,корзина,feminine,FALSE
1689,horror,ужас,masculine,FALSE
1690,oath,клятва,feminine,FALSE
1691,steam,пар,masculine,FALSE
1692,solo,сольное выступление,neuter,FALSE
1693,cemetery,кладбище,neuter,FALSE
1694,bump,ушиб,masculine,FALSE
1695,personnel,персонал,masculine,FALSE
1696,scum,отброс,masculine,FALSE
1697,mob,толпа,feminine,FALSE
1698,combination,комбинация,feminine,FALSE
1699,beam,луч,masculine,FALSE
1700,alliance,союз,masculine,FALSE
1701,counselor,советник,masculine,FALSE
1702,nap,вздремнуть,neuter,FALSE
1703,conflict,конфликт,masculine,FALSE
1704,assistance,помощь,feminine,FALSE
1705,retreat,отступление,neuter,FALSE
1706,candidate,кандидат,masculine,FALSE
1707,rubber,резина,feminine,FALSE
1708,bingo,бинго,neuter,FALSE
1709,autopsy,вскрытие,neuter,FALSE
1710,carpet,ковёр,masculine,FALSE
1711,puppy,щенок,masculine,FALSE
1712,gut,кишка,feminine,FALSE
1713,coffin,гроб,masculine,FALSE
1714,instant,мгновение,neuter,FALSE
1715,ash,пепел,masculine,FALSE
1716,scandal,скандал,masculine,FALSE
1717,ally,союзник,masculine,FALSE
1718,arrow,стрела,feminine,FALSE
1719,misery,страдание,neuter,FALSE
1720,cotton,хлопок,masculine,FALSE
1721,suite,люкс,masculine,FALSE
1722,lecture,лекция,feminine,FALSE
1723,economy,экономика,feminine,FALSE
1724,stare,пристальный взгляд,masculine,FALSE
1725,guardian,опекун,masculine,FALSE
1726,gig,выступление,neuter,FALSE
1727,investment,инвестиция,feminine,FALSE
1728,heroin,героин,masculine,FALSE
1729,deposit,депозит,masculine,FALSE
1730,medal,медаль,feminine,FALSE
1731,gum,жвачка,feminine,FALSE
1732,swell,опухоль,feminine,FALSE
1733,commitment,обязательство,neuter,FALSE
1734,hut,избушка,feminine,FALSE
1735,rear,задняя часть,feminine,FALSE
1736,photographer,фотограф,masculine,FALSE
1737,excitement,волнение,neuter,FALSE
1738,ranch,ранчо,neuter,FALSE
1739,fee,плата,feminine,FALSE
1740,tool,инструмент,masculine,FALSE
1741,profession,профессия,feminine,FALSE
1742,document,документ,masculine,FALSE
1743,journalist,журналист,masculine,FALSE
1744,bait,приманка,feminine,FALSE
1745,breast,грудь,feminine,FALSE
1746,sorrow,печаль,feminine,FALSE
1747,roommate,сожитель,masculine,FALSE
1748,counsel,совет,masculine,FALSE
1749,cannon,пушка,feminine,FALSE
1750,penalty,штраф,masculine,FALSE
1751,announcement,объявление,neuter,FALSE
1752,cocaine,кокаин,masculine,FALSE
1753,embrace,объятие,neuter,FALSE
1754,spike,шип,masculine,FALSE
1755,silk,шёлк,masculine,FALSE
1756,theft,кража,feminine,FALSE
1757,visitor,посетитель,masculine,FALSE
1758,acid,кислота,feminine,FALSE
1759,fuss,суета,feminine,FALSE
1760,bargain,сделка,feminine,FALSE
1761,feast,пир,masculine,FALSE
1762,collar,воротник,masculine,FALSE
1763,envy,зависть,feminine,FALSE
1764,flame,пламя,neuter,FALSE
1765,fame,слава,feminine,FALSE
1766,perfume,духи,"plural, neuter",FALSE
1767,protest,протест,masculine,FALSE
1768,psycho,психопат,masculine,FALSE
1769,emotion,эмоция,feminine,FALSE
1770,display,витрина,feminine,FALSE
1771,content,содержание,neuter,FALSE
1772,pepper,перец,masculine,FALSE
1773,skirt,юбка,feminine,FALSE
1774,cruise,круиз,masculine,FALSE
1775,embassy,посольство,neuter,FALSE
1776,scar,шрам,masculine,FALSE
1777,rhythm,ритм,masculine,FALSE
1778,myth,миф,masculine,FALSE
1779,shove,толчок,masculine,FALSE
1780,certificate,сертификат,masculine,FALSE
1781,drum,барабан,masculine,FALSE
1782,infection,инфекция,feminine,FALSE
1783,scotch,виски,neuter,FALSE
1784,frog,лягушка,feminine,FALSE
1785,chess,шахматы,"plural, masculine",FALSE
1786,belief,вера,feminine,FALSE
1787,cabinet,шкаф,masculine,FALSE
1788,rumor,слух,masculine,FALSE
1789,lung,лёгкое,neuter,FALSE
1790,rap,рэп,masculine,FALSE
1791,error,ошибка,feminine,FALSE
1792,debate,дебаты,"plural, masculine",FALSE
1793,sum,сумма,feminine,FALSE
1794,sweep,подметание,neuter,FALSE
1795,era,эпоха,feminine,FALSE
1796,vault,сейф,masculine,FALSE
1797,liquid,жидкость,feminine,FALSE
1798,aircraft,самолёт,masculine,FALSE
1799,gunfire,огнестрельный залп,masculine,FALSE
1800,chap,парень,masculine,FALSE
1801,fry,жарка,feminine,FALSE
1802,cargo,груз,masculine,FALSE
1803,fist,кулак,masculine,FALSE
1804,sucker,придурок,masculine,FALSE
1805,oven,духовка,feminine,FALSE
1806,hatred,ненависть,feminine,FALSE
1807,bench,скамейка,feminine,FALSE
1808,envelope,конверт,masculine,FALSE
1809,kindness,доброта,feminine,FALSE
1810,helmet,шлем,masculine,FALSE
1811,twin,близнец,"masculine, близнеца",FALSE
1812,sailor,матрос,masculine,FALSE
1813,ladder,лестница,feminine,FALSE
1814,barrel,бочка,feminine,FALSE
1815,folk,народ,masculine,FALSE
1816,banana,банан,masculine,FALSE
1817,alternative,альтернатива,feminine,FALSE
1818,designer,дизайнер,"masculine, дизайнера",FALSE
1819,dial,циферблат,masculine,FALSE
1820,tension,напряжение,neuter,FALSE
1821,raid,рейд,masculine,FALSE
1822,scout,разведчик,"masculine, разведчица",FALSE
1823,deer,олень,masculine,FALSE
1824,grip,захват,masculine,FALSE
1825,tin,олово,neuter,FALSE
1826,warden,управляющий,"masculine, управляющая",FALSE
1827,quote,цитата,feminine,FALSE
1828,subway,метро,neuter,FALSE
1829,storage,хранение,neuter,FALSE
1830,trailer,прицеп,masculine,FALSE
1831,operator,оператор,"masculine, операторша",FALSE
1832,enterprise,предприятие,neuter,FALSE
1833,cycle,цикл,masculine,FALSE
1834,importance,важность,feminine,FALSE
1835,goose,гусь,"masculine, гусыня",FALSE
1836,bass,бас,masculine,FALSE
1837,volunteer,волонтер,"masculine, волонтерка",FALSE
1838,residence,резиденция,feminine,FALSE
1839,lip,губа,feminine,FALSE
1840,gallery,галерея,feminine,FALSE
1841,motorcycle,мотоцикл,masculine,FALSE
1842,worship,поклонение,neuter,FALSE
1843,graduate,выпускник,"masculine, выпускница",FALSE
1844,congress,конгресс,masculine,FALSE
1845,execution,казнь,feminine,FALSE
1846,ritual,ритуал,masculine,FALSE
1847,whale,кит,masculine,FALSE
1848,application,заявление,neuter,FALSE
1850,tub,ванна,feminine,FALSE
1851,pistol,пистолет,masculine,FALSE
1852,democracy,демократия,feminine,FALSE
1853,campus,кампус,masculine,FALSE
1854,conclusion,заключение,neuter,FALSE
1855,rascal,негодяй,masculine,FALSE
1856,candle,свеча,feminine,FALSE
1857,principle,принцип,masculine,FALSE
1858,butcher,мясник,masculine,FALSE
1859,sweater,свитер,masculine,FALSE
1860,rank,ранг,masculine,FALSE
1861,picnic,пикник,masculine,FALSE
1862,recovery,восстановление,neuter,FALSE
1863,crawl,ползанье,neuter,FALSE
1864,villa,вилла,feminine,FALSE
1865,brandy,бренди,neuter,FALSE
1866,appetite,аппетит,masculine,FALSE
1867,lesbian,лесбиянка,feminine,FALSE
1868,shepherd,пастух,masculine,FALSE
1869,perspective,перспектива,feminine,FALSE
1870,hockey,хоккей,masculine,FALSE
1871,creep,ползун,masculine,FALSE
1872,discipline,дисциплина,feminine,FALSE
1873,lick,лизание,neuter,FALSE
1874,coal,уголь,masculine,FALSE
1875,tomb,гробница,feminine,FALSE
1876,hush,тишина,feminine,FALSE
1877,dummy,манекен,masculine,FALSE
1878,suggestion,предложение,neuter,FALSE
1879,addition,добавление,neuter,FALSE
1880,therapist,терапевт,masculine,FALSE
1881,parole,условно-досрочное освобождение,neuter,FALSE
1882,cafe,кафе,neuter,FALSE
1883,wizard,волшебник,"masculine, волшебница",FALSE
1884,consciousness,сознание,neuter,FALSE
1885,sector,сектор,masculine,FALSE
1886,sunset,закат,masculine,FALSE
1887,creation,творение,neuter,FALSE
1888,passage,переход,masculine,FALSE
1889,compliment,комплимент,masculine,FALSE
1890,broadcast,вещание,neuter,FALSE
1891,prey,жертва,feminine,FALSE
1892,puzzle,головоломка,feminine,FALSE
1893,arrangement,расположение,neuter,FALSE
1894,invasion,вторжение,neuter,FALSE
1895,eternity,вечность,feminine,FALSE
1896,plague,чума,feminine,FALSE
1897,philosophy,философия,feminine,FALSE
1898,prostitute,проститутка,feminine,FALSE
1899,instinct,инстинкт,masculine,FALSE
1900,affection,привязанность,feminine,FALSE
1901,nazi,нацист,masculine,FALSE
1902,ministry,министерство,neuter,FALSE
1903,luxury,роскошь,feminine,FALSE
1904,breeze,бриз,masculine,FALSE
1905,sausage,колбаса,feminine,FALSE
1906,physics,физика,feminine,FALSE
1907,pirate,пират,masculine,FALSE
1908,slice,ломтик,masculine,FALSE
1909,rod,удочка,feminine,FALSE
1910,kidney,почка,feminine,FALSE
1911,inspiration,вдохновение,neuter,FALSE
1912,ginger,имбирь,masculine,FALSE
1913,destination,пункт назначения,masculine,FALSE
1914,concrete,бетон,masculine,FALSE
1915,stream,поток,masculine,FALSE
1916,dentist,стоматолог,"masculine, стоматологиня",FALSE
1917,drain,сток,masculine,FALSE
1918,spray,спрей,masculine,FALSE
1919,organ,орган,masculine,FALSE
1920,thumb,большой палец,masculine,FALSE
1921,donkey,осел,masculine,FALSE
1922,formula,формула,feminine,FALSE
1923,hooker,проститутка,feminine,FALSE
1924,bra,бюстгальтер,masculine,FALSE
1925,bachelor,холостяк,masculine,FALSE
1926,airplane,самолет,masculine,FALSE
1927,absence,отсутствие,neuter,FALSE
1928,daylight,дневной свет,masculine,FALSE
1929,wrist,запястье,neuter,FALSE
1930,clerk,клерк,masculine,FALSE
1931,deed,акт,masculine,FALSE
1932,pace,темп,masculine,FALSE
1933,plug,штепсель,masculine,FALSE
1934,privilege,привилегия,feminine,FALSE
1935,bonus,бонус,masculine,FALSE
1936,honesty,честность,feminine,FALSE
1937,cellar,подвал,masculine,FALSE
1938,carriage,карета,feminine,FALSE
1939,lobby,вестибюль,masculine,FALSE
1940,scent,запах,masculine,FALSE
1941,burger,бургер,masculine,FALSE
1942,protocol,протокол,masculine,FALSE
1943,author,автор,"masculine, авторша",FALSE
1944,mole,крот,masculine,FALSE
1945,disgrace,позор,masculine,FALSE
1946,illusion,иллюзия,feminine,FALSE
1947,verdict,приговор,masculine,FALSE
1948,income,доход,masculine,FALSE
1949,civilization,цивилизация,feminine,FALSE
1950,bully,задира,masculine,FALSE
1951,element,элемент,masculine,FALSE
1952,passenger,пассажир,"masculine, пассажирка",FALSE
1953,balloon,шарик,masculine,FALSE
1954,toe,палец ноги,masculine,FALSE
1955,mortal,смертный,masculine,FALSE
1956,lottery,лотерея,feminine,FALSE
1957,mansion,особняк,masculine,FALSE
1958,curtain,занавеска,feminine,FALSE
1959,cheek,щека,feminine,FALSE
1960,harbor,гавань,feminine,FALSE
1961,flood,наводнение,neuter,FALSE
1962,cocktail,коктейль,masculine,FALSE
1963,reply,ответ,masculine,FALSE
1964,zombie,зомби,masculine,FALSE
1965,associate,ассоциат,masculine,FALSE
1966,bubble,пузырь,masculine,FALSE
1967,seed,семя,neuter,FALSE
1968,celebrity,знаменитость,feminine,FALSE
1969,missile,ракета,feminine,FALSE
1970,rot,гниль,feminine,FALSE
1971,laser,лазер,masculine,FALSE
1972,spite,злоба,feminine,FALSE
1973,mill,мельница,feminine,FALSE
1974,waitress,официантка,feminine,FALSE
1975,retirement,пенсия,feminine,FALSE
1976,consent,согласие,neuter,FALSE
1977,shrink,психотерапевт,masculine,FALSE
1978,copper,медь,feminine,FALSE
1979,auction,аукцион,masculine,FALSE
1980,confusion,путаница,feminine,FALSE
1981,column,колонна,feminine,FALSE
1982,sympathy,симпатия,feminine,FALSE
1983,speaker,докладчик,"masculine, докладчица",FALSE
1984,brass,латунь,feminine,FALSE
1985,constable,констебль,masculine,FALSE
1986,brat,отрок,masculine,FALSE
1987,scheme,схема,feminine,FALSE
1988,heir,наследник,"masculine, наследница",FALSE
1989,ditch,канава,feminine,FALSE
1990,suspicion,подозрение,neuter,FALSE
1991,tide,прилив,masculine,FALSE
1992,tournament,турнир,masculine,FALSE
1993,rainbow,радуга,feminine,FALSE
1994,orbit,орбита,feminine,FALSE
1995,corps,корпус,masculine,FALSE
1996,platform,платформа,feminine,FALSE
1997,cloth,ткань,feminine,FALSE
1998,shotgun,дробовик,masculine,FALSE
1999,fur,мех,masculine,FALSE
2000,gin,джин,masculine,FALSE